Employee ID,Full Name,Department,Gender,Age,Join Date,Exit Date,Exit Reason,Status
1533,Roberto Santos Guerrero,IT,Other,56,19/10/2019,12/10/2021,Termination,Exited
1180,Tess Ocampo,Customer Support,Female,44,23/01/2022,,,Active
1026,Lourdes Navarro San Pedro,HR,Other,52,27/09/2019,04/06/2022,Contract End,Exited
1087,Timothy Zulueta,Marketing,Male,38,14/01/2020,,,Active
1563,Pilar Navarro Lazo,HR,Other,62,18/03/2019,16/10/2023,Retirement,Exited
1994,Feliciano Domingo Vergara,Customer Support,Male,25,02/03/2024,25/06/2025,Relocation,Exited
2039,Lourdes Lopez,Customer Support,Other,55,16/05/2025,,,Active
1306,Corazon Bayani,Customer Support,Female,27,27/02/2019,04/10/2022,Better Opportunity,Exited
1540,Manuel Villanueva,Sales,Other,24,01/12/2024,21/03/2025,Personal Reasons,Exited
1902,Danilo Tan Tan,IT,Other,52,22/05/2025,,,Active
1379,Ofelia Tan,Customer Support,Female,24,30/10/2019,,,Active
1226,Ronaldo Villanueva,Sales,Other,26,23/11/2023,,,Active
1907,Sarah Pascual Co,Marketing,Female,33,12/10/2018,,,Active
1390,Pilar Castro,Marketing,Other,25,19/04/2023,,,Active
1300,Rosa Navarro Rivera,Marketing,Other,25,30/12/2023,,,Active
2026,Belinda Santiago Mangubat,IT,Female,27,03/07/2025,19/02/2026,Personal Reasons,Exited
1906,Jacqueline Ocampo,Marketing,Female,31,04/03/2019,,,Active
1173,Miguel Soriano Garcia,Marketing,Other,25,18/02/2023,04/07/2024,Better Opportunity,Exited
1406,Crisanto Delos Reyes,IT,Male,48,20/04/2019,22/01/2020,Better Opportunity,Exited
1660,Lourdes Aquino,Finance,Other,27,12/02/2023,,,Active
1064,Grace Macapagal,HR,Female,40,19/03/2019,,,Active
1848,Rodel Torres Chan,Customer Support,Other,40,17/05/2022,02/06/2023,Termination,Exited
1606,Eduardo Soriano Lopez,HR,Male,26,27/09/2021,,,Active
1385,Isabel Lim Chua,Sales,Other,46,29/05/2025,06/11/2025,Personal Reasons,Exited
1458,Jordan Reyes Dela Torre,Sales,Other,29,16/01/2024,06/05/2026,Resignation,Exited
2073,Elena Ong,Marketing,Other,22,02/08/2024,,,Active
1384,Manuel Mercado Diaz,HR,Other,37,11/05/2025,,,Active
1649,Severino Ang Natividad,Customer Support,Male,49,26/11/2020,23/07/2021,Better Opportunity,Exited
1214,Lourdes Ramirez Sy,Finance,Other,29,24/03/2019,,,Active
1865,Alex Estrada,Customer Support,Other,55,21/11/2024,02/12/2025,Resignation,Exited
1888,Celine Flores,IT,Female,36,07/08/2018,,,Active
1801,Taylor Santos Lacson,IT,Other,32,14/05/2020,10/07/2023,Resignation,Exited
1562,Alex Aguilar Aquino,IT,Other,38,06/08/2018,,,Active
1804,Olive Go Diaz,Customer Support,Female,51,10/04/2025,09/11/2025,Termination,Exited
1603,Cameron Chan Diaz,HR,Other,49,04/09/2023,10/04/2025,Resignation,Exited
1879,Fe Perez,Customer Support,Female,33,28/06/2025,,,Active
1567,Osvaldo Fernandez Camacho,Customer Support,Male,46,14/05/2025,23/02/2026,Health Issues,Exited
2004,Gregorio Pascual Macapagal,Sales,Male,25,10/09/2020,,,Active
1825,Diosdado Flores Jimenez,IT,Male,38,02/12/2023,,,Active
2032,Leonora San Pedro,Customer Support,Female,29,01/04/2021,01/09/2024,Better Opportunity,Exited
1137,Danilo Rivera Del Rosario,Marketing,Male,30,06/02/2025,,,Active
1571,Fernando Domingo,HR,Other,47,12/08/2022,06/06/2026,Contract End,Exited
1584,Annaliza Flores,Customer Support,Female,55,15/09/2022,14/06/2025,Retirement,Exited
1619,Casey Rivera,Customer Support,Other,51,16/09/2024,07/01/2026,Retirement,Exited
1343,Antonio Macapagal,Marketing,Other,51,16/10/2019,27/09/2022,Retirement,Exited
1559,Christian Diaz Natividad,IT,Male,30,24/03/2021,12/05/2025,Resignation,Exited
1254,Renato Garcia Jimenez,IT,Male,46,20/11/2018,08/09/2023,Termination,Exited
1475,Larry Cruz Camacho,Finance,Male,21,11/08/2025,,,Active
1810,Gerald Quiambao,Marketing,Male,53,18/06/2020,,,Active
1333,Elena Rivera,Sales,Female,40,26/11/2025,,,Active
1357,Gloria Hilario,IT,Female,27,31/10/2018,15/04/2023,Better Opportunity,Exited
1566,Luisa Jacinto,Finance,Female,24,07/01/2025,22/10/2025,Resignation,Exited
1054,Rowena Rivera Ramirez,IT,Female,39,18/08/2020,01/09/2022,Resignation,Exited
1631,Eddie Macapagal,Finance,Male,21,05/04/2023,,,Active
1003,Celine Diaz Domingo,Sales,Female,31,30/10/2025,,,Active
1837,Grace Ang Ignacio,IT,Female,57,01/04/2021,09/05/2022,Better Opportunity,Exited
1828,Rosa Bautista Bagtas,Marketing,Other,59,06/04/2018,29/05/2021,Retirement,Exited
1816,Morgan Lopez,Sales,Other,27,03/12/2025,28/04/2026,Resignation,Exited
1612,Cardo Go Fernandez,HR,Male,29,16/01/2019,,,Active
1722,Taylor Narvasa,Sales,Other,36,31/08/2023,,,Active
2077,Ernesto Lozano,HR,Male,34,05/11/2024,,,Active
2016,Annaliza Ang Camacho,Customer Support,Female,51,17/06/2025,,,Active
1320,Gregorio Mendoza Ignacio,Marketing,Male,24,09/08/2023,,,Active
2038,Jose Aguilar Crisostomo,HR,Male,39,22/08/2021,,,Active
1770,Maria Panganiban,IT,Other,41,28/02/2021,24/09/2023,Termination,Exited
1108,Sarah Rivera Umali,Finance,Female,48,28/09/2025,14/03/2026,Better Opportunity,Exited
1561,Mark Bautista Garcia,HR,Male,45,15/07/2024,,,Active
1755,Casey Macaraeg,Customer Support,Other,22,15/08/2018,,,Active
1404,Casey Mendoza Cueto,HR,Other,57,03/07/2025,,,Active
1089,Rodel Tan Go,IT,Other,56,31/05/2018,,,Active
1931,Antonio Santos Bagtas,Customer Support,Other,49,16/04/2022,,,Active
1066,Efren Santiago Fajardo,IT,Other,28,07/05/2024,,,Active
1707,Diana Mercado Camacho,Customer Support,Female,51,24/05/2019,,,Active
1043,Olive Guevarra,Customer Support,Female,48,07/01/2018,,,Active
1556,Harold Reyes Diaz,HR,Male,57,02/01/2019,21/11/2023,Termination,Exited
1031,Bryan Solis,Sales,Male,31,30/11/2022,,,Active
1004,Eduardo Torres Dela Torre,Customer Support,Male,43,09/11/2021,,,Active
1270,Teresita Tan Dalisay,Marketing,Female,46,31/07/2021,21/09/2025,Relocation,Exited
1693,Antonio Pascual Umali,Marketing,Other,40,05/12/2019,,,Active
1987,Sam Ang Tolentino,Customer Support,Other,55,28/01/2020,,,Active
1959,Teresita Chan Ignacio,Finance,Female,28,14/12/2023,27/02/2026,Personal Reasons,Exited
1273,Gloria Natividad,Customer Support,Female,37,21/05/2025,23/03/2026,Resignation,Exited
1720,Natividad Ong,Finance,Female,40,27/06/2025,13/11/2025,Resignation,Exited
1408,Gregorio Bautista Gonzales,IT,Male,51,24/09/2022,,,Active
1494,Rosalinda Domingo San Pedro,Sales,Female,33,06/08/2023,,,Active
1671,Iris Navarro Camacho,Marketing,Female,36,27/12/2022,,,Active
1302,Maria Ramos Estrada,HR,Female,50,08/03/2018,14/03/2020,Termination,Exited
1023,Rosa Mercado Navarro,Customer Support,Other,27,15/10/2020,16/01/2024,Termination,Exited
1963,Manuel Figueroa,HR,Other,57,29/08/2023,19/04/2025,Resignation,Exited
2014,Herminia Sy Ramirez,Marketing,Female,49,12/05/2025,,,Active
1330,Maria Jimenez,IT,Other,36,09/04/2021,14/04/2023,Contract End,Exited
1670,Hernando Aguilar,IT,Male,50,27/06/2018,27/04/2019,Contract End,Exited
1543,Pete Lopez Vergara,HR,Male,27,15/11/2019,,,Active
1234,Morgan Ocampo,Marketing,Other,36,02/03/2023,15/12/2024,Better Opportunity,Exited
1978,Carlos Co,Finance,Other,46,22/10/2018,,,Active
1452,Tess Mendoza,Marketing,Female,28,13/01/2020,,,Active
1542,Taylor Go Zulueta,Marketing,Other,56,05/04/2024,,,Active
1255,Arnel Santos Hilario,HR,Other,23,18/01/2019,,,Active
1974,Morgan Ang,Sales,Other,41,19/06/2021,,,Active
1956,Gerald Santiago Quiambao,IT,Male,38,14/06/2023,,,Active
1243,Joy Sia,Sales,Female,23,26/10/2018,30/06/2021,Termination,Exited
1468,Hazel Lopez Umali,Customer Support,Female,42,10/04/2019,,,Active
1301,Gani Buenaventura,Sales,Male,57,19/06/2019,,,Active
1225,Eddie Fajardo,Marketing,Male,44,31/08/2022,,,Active
1215,Lourdes Guevarra,Marketing,Female,47,14/09/2021,,,Active
1258,Maria Mercado Villanueva,Customer Support,Other,22,28/04/2020,,,Active
1966,Eddie Ramos Enriquez,IT,Male,38,21/06/2020,,,Active
1949,Kath Fajardo,Sales,Female,48,01/11/2020,,,Active
1779,Patricia Flores,Customer Support,Female,45,24/05/2021,,,Active
1224,Antonio Tan,Customer Support,Other,40,28/09/2025,12/03/2026,Termination,Exited
1696,Antonio Vega Enriquez,Finance,Male,49,02/12/2020,26/04/2022,Health Issues,Exited
1130,Antonio Go Bondoc,Customer Support,Other,56,30/05/2020,,,Active
1703,Rafael Sy Manalo,IT,Male,49,16/04/2024,12/10/2025,Personal Reasons,Exited
1172,Jose Chan Guevarra,HR,Other,42,01/07/2019,16/07/2023,Resignation,Exited
1687,Neil Santiago Chua,Marketing,Male,28,10/04/2023,,,Active
1544,Elmer Sy Ignacio,Marketing,Male,43,14/07/2021,,,Active
1267,Manuel Mercado Evangelista,Customer Support,Male,47,12/05/2021,,,Active
1573,Cristina Tuazon,IT,Other,51,04/07/2019,,,Active
1880,Alvin Santos Garcia,Sales,Male,42,28/11/2024,13/08/2025,Better Opportunity,Exited
1246,Ronaldo Ramirez Macaraeg,Marketing,Other,51,04/08/2021,,,Active
1144,Alvin Hernandez,IT,Male,41,05/12/2019,,,Active
1479,Lorenzo Chan Bondoc,IT,Male,38,19/08/2025,,,Active
1680,Juan Reyes Lazo,Customer Support,Other,22,20/05/2023,,,Active
1710,Corazon Aguilar Crisostomo,Customer Support,Female,58,28/08/2018,27/01/2024,Resignation,Exited
2056,Paolo Quiambao,Customer Support,Male,41,18/07/2023,,,Active
1296,Taylor Ramirez,IT,Other,39,03/06/2024,09/02/2026,Contract End,Exited
1469,Kim Garcia,HR,Male,36,26/06/2018,14/07/2020,Better Opportunity,Exited
1189,Larry Co,Sales,Male,40,06/11/2019,15/08/2022,Termination,Exited
1528,Fernando Mercado Narvasa,Customer Support,Other,55,08/04/2019,19/05/2024,Retirement,Exited
1145,Teresa Soriano Ramos,Customer Support,Other,36,20/11/2022,,,Active
1442,Lourdes Pascual,IT,Female,33,05/08/2021,,,Active
1598,Paolo Soriano Del Rosario,Marketing,Male,55,04/10/2021,,,Active
1735,Carmen Lacson,Marketing,Female,42,24/01/2024,,,Active
1677,Maricel Cruz Santos,IT,Other,54,12/10/2020,10/04/2024,Retirement,Exited
1644,Annaliza Dela Cruz,Marketing,Female,34,21/09/2024,,,Active
1739,Avery Reyes Evangelista,Marketing,Other,43,11/03/2021,05/08/2021,Relocation,Exited
1714,Teresa Fajardo,Sales,Other,56,17/11/2024,,,Active
2009,Joselito Pascual Chua,IT,Male,44,09/04/2019,26/04/2022,Resignation,Exited
1661,Samuel Buenaventura,Customer Support,Male,35,16/09/2018,,,Active
1220,Violeta Diaz Miranda,Sales,Female,64,02/04/2023,16/02/2024,Retirement,Exited
1402,Mae Lim Vega,Customer Support,Female,27,01/08/2023,21/05/2024,Personal Reasons,Exited
1339,Renato Lim Bayani,IT,Male,30,22/05/2018,,,Active
1178,Celine Zulueta,IT,Female,43,23/11/2024,,,Active
1647,Abigail Ocampo Chan,IT,Female,45,24/09/2021,,,Active
1904,Cristina Tan Quiambao,Customer Support,Other,42,16/05/2024,,,Active
1731,Vanessa Fernandez Viray,HR,Female,58,28/08/2024,09/01/2026,Termination,Exited
1058,Vanessa Go Obispo,Marketing,Female,52,29/04/2018,,,Active
1051,Sue Uy Perez,Customer Support,Female,28,13/02/2023,20/12/2025,Relocation,Exited
1168,Pilar Fernandez Macapagal,Customer Support,Other,52,10/09/2024,,,Active
1132,Rowena Diaz Torres,Customer Support,Other,26,04/11/2022,06/03/2025,Resignation,Exited
2046,Taylor Guerrero,IT,Other,21,08/02/2018,,,Active
1957,Oliver Panganiban,HR,Male,41,08/09/2020,,,Active
1570,Annaliza Fernandez Navarro,Finance,Female,56,24/12/2023,,,Active
1155,Florinda Fernandez Mangubat,Customer Support,Female,45,09/03/2021,17/03/2026,Relocation,Exited
1637,Gregorio Vega Santiago,Customer Support,Male,47,19/04/2022,04/01/2025,Personal Reasons,Exited
1764,Eduardo Lopez Sia,Finance,Other,40,05/01/2019,,,Active
1776,Alvin Ramos Ramos,Customer Support,Male,36,23/02/2022,,,Active
1947,Feliciano Garcia Reyes,Customer Support,Male,30,07/11/2020,04/05/2024,Contract End,Exited
1049,Gloria Castro Roque,Customer Support,Female,51,08/11/2024,,,Active
1728,Kevin Ang Soriano,Finance,Male,25,03/05/2023,,,Active
1988,Morgan Navarro,Customer Support,Other,55,23/04/2025,05/11/2025,Contract End,Exited
1021,Teresita Tuazon,HR,Female,29,27/05/2024,,,Active
1318,Abigail Aguilar Pascual,HR,Female,43,13/11/2023,,,Active
1686,Riley Uy Aquino,IT,Other,53,18/08/2025,,,Active
1276,Rosa Domingo Lopez,Customer Support,Other,46,20/09/2021,,,Active
2031,Teresa Bagtas,IT,Other,48,05/10/2018,,,Active
1589,Nina Soriano Ocampo,Customer Support,Female,57,21/04/2024,29/10/2025,Personal Reasons,Exited
1351,Maricel Navarro Ocampo,Customer Support,Other,57,23/05/2022,,,Active
1103,Patricio Valencia,Sales,Male,55,28/05/2018,,,Active
1760,Arnel Chan Macaraeg,Finance,Male,37,11/08/2024,09/05/2026,Termination,Exited
1260,Jordan Buenaventura,Marketing,Other,24,05/02/2019,,,Active
1917,Nathan Torres Ocampo,Customer Support,Male,50,11/04/2022,04/10/2024,Resignation,Exited
2033,Michael Vergara,Marketing,Male,53,04/11/2018,19/10/2024,Termination,Exited
1309,Hope Garcia Ramirez,Customer Support,Female,45,10/12/2021,,,Active
1344,Ivan Vega Ong,Sales,Male,32,23/12/2019,15/10/2023,Resignation,Exited
1288,Dennis Natividad,HR,Male,32,22/03/2024,11/04/2025,Better Opportunity,Exited
1786,Juan Elegado,Marketing,Male,34,18/07/2024,,,Active
1588,Riley Gonzales Lopez,HR,Other,40,18/09/2021,,,Active
1024,Rosalinda Chan Pascual,Sales,Female,56,06/02/2019,06/07/2019,Contract End,Exited
1519,Mae Solis,Sales,Female,26,26/09/2022,,,Active
1847,Pilar Solis,IT,Female,40,27/07/2022,,,Active
2055,Fernando Ramos Mercado,IT,Other,51,03/10/2018,17/10/2023,Contract End,Exited
1850,Queenie Mendoza Cruz,IT,Female,56,26/07/2022,22/12/2022,Termination,Exited
1437,Manuel Viray,Customer Support,Other,24,05/01/2025,,,Active
1008,Pacita Bautista Guevarra,Marketing,Female,50,04/04/2022,02/02/2026,Personal Reasons,Exited
1451,Kim Ramirez Mercado,Marketing,Male,56,15/12/2018,21/01/2023,Better Opportunity,Exited
2079,Mylene Go Dela Cruz,Customer Support,Female,25,21/02/2021,,,Active
1308,Ofelia Dela Cruz,Marketing,Female,47,28/11/2024,,,Active
1153,Jose Uy Garcia,IT,Other,42,12/12/2018,,,Active
1110,Efren Tan,Finance,Other,39,31/07/2020,,,Active
1221,Oliver Garcia Estrada,Sales,Male,32,20/12/2019,,,Active
1807,Xander Obispo,HR,Male,56,06/04/2021,01/10/2023,Health Issues,Exited
1946,Sam Jimenez,Finance,Other,36,11/05/2023,18/08/2025,Relocation,Exited
1334,Isabel Gonzales Figueroa,IT,Female,36,28/12/2021,,,Active
1235,Luisa Perez,IT,Other,22,12/09/2020,05/07/2021,Relocation,Exited
1237,Hope Navarro Macapagal,HR,Female,39,17/08/2020,,,Active
1154,Gerald Diaz Figueroa,Finance,Male,31,30/01/2022,30/11/2023,Termination,Exited
1028,Jamie Navarro Trinidad,IT,Other,57,05/10/2020,,,Active
1263,Grace Aguilar Manalo,Customer Support,Female,30,15/05/2022,19/03/2023,Better Opportunity,Exited
1216,Eddie Umali,Customer Support,Male,31,25/07/2022,,,Active
1734,Kristoffer Chua,HR,Male,54,10/07/2023,,,Active
1231,Yvonne Ignacio,Marketing,Female,32,09/07/2019,,,Active
1958,Maria Obispo,Finance,Other,27,13/01/2018,,,Active
1553,Cameron Chan Flores,Finance,Other,62,30/08/2023,12/02/2025,Retirement,Exited
1114,Pacita Figueroa,IT,Female,25,31/07/2019,,,Active
1075,Aldrin Soriano Lim,IT,Male,54,10/09/2024,21/03/2025,Resignation,Exited
1702,Samuel Santos Ignacio,IT,Male,24,24/06/2025,06/12/2025,Personal Reasons,Exited
1811,Jerome Tuazon,HR,Male,39,18/05/2022,,,Active
1404,Casey Mendoza Cueto,HR,Other,57,03/07/2025,,,Active
1376,Maribel Go Ang,Sales,Female,24,18/10/2020,29/04/2021,Resignation,Exited
1047,Marcelo Lopez Cueto,Sales,Male,41,20/03/2023,,,Active
1826,Bryan Diaz Ramos,Sales,Male,49,27/10/2025,08/05/2026,Personal Reasons,Exited
1833,Larry Tolentino,Sales,Male,49,16/11/2018,21/08/2023,Relocation,Exited
1895,Estrella Garcia Bagtas,IT,Female,25,10/01/2022,,,Active
1127,Carmen Bayani,Marketing,Other,23,22/05/2025,,,Active
1717,Cameron Ramos Hernandez,Customer Support,Other,35,12/06/2019,,,Active
1018,Miguel Santiago Miranda,IT,Other,48,17/05/2020,,,Active
1065,Renato Lopez,Finance,Male,33,08/11/2018,,,Active
1503,Jose Navarro Camacho,Customer Support,Other,30,22/04/2023,,,Active
1798,Cardo Delos Reyes,Marketing,Male,23,04/10/2023,12/03/2025,Termination,Exited
1426,Aldrin Ramos Guevarra,Finance,Male,33,08/05/2020,,,Active
1500,Karen Sy Evangelista,Marketing,Female,56,12/12/2020,02/11/2023,Contract End,Exited
1690,Rafael Manalo,Customer Support,Male,55,25/06/2019,,,Active
1387,Roy Chan Navarro,Customer Support,Male,51,14/07/2025,27/12/2025,Resignation,Exited
1803,Arnel Cruz,Finance,Male,46,24/05/2021,25/05/2022,Better Opportunity,Exited
1748,Hope Domingo Vega,HR,Female,40,09/11/2022,,,Active
1078,Jordan Macapagal,IT,Other,37,11/05/2023,20/12/2023,Termination,Exited
1204,Bryan Ang Ong,IT,Male,31,29/05/2022,,,Active
1591,Natividad Garcia Solis,HR,Female,54,22/08/2022,,,Active
1587,Harold Cruz Ocampo,IT,Male,56,30/04/2020,28/03/2022,Better Opportunity,Exited
1513,Avery Elegado,Customer Support,Other,54,21/06/2021,07/11/2025,Retirement,Exited
1681,Kevin Santos Valencia,Finance,Male,29,20/11/2025,,,Active
1905,Leonora Uy Tuazon,Finance,Female,46,18/09/2018,,,Active
1219,Francis Ang Co,IT,Male,39,03/06/2018,14/11/2019,Contract End,Exited
1839,Yvonne Uy Umali,Marketing,Female,43,04/10/2018,,,Active
1398,Violeta Fajardo,Customer Support,Female,53,24/11/2019,24/07/2020,Termination,Exited
1759,Marcelo Flores Mercado,IT,Male,45,24/08/2020,,,Active
1620,Luisa Uy Fajardo,Sales,Other,21,24/08/2019,,,Active
1788,Ferdi Roque,IT,Male,27,18/08/2021,01/05/2022,Termination,Exited
1391,Tess Gonzales Roque,IT,Female,24,10/09/2019,08/03/2022,Termination,Exited
1861,Mylene Soriano Diaz,IT,Female,22,25/02/2021,,,Active
1648,Taylor Sy Mercado,Marketing,Other,46,01/01/2020,,,Active
1976,Jose Viray,Customer Support,Other,35,08/11/2025,,,Active
2008,Pilar Crisostomo,HR,Other,54,10/07/2020,19/11/2024,Resignation,Exited
2075,Bong Diaz Corpuz,Sales,Male,31,17/08/2023,,,Active
1125,Sam Ramos Soriano,Customer Support,Other,29,02/03/2018,29/01/2021,Relocation,Exited
1725,Rodel Ramos Castro,Customer Support,Other,45,04/10/2022,12/04/2024,Termination,Exited
1019,Pete Santos Lim,IT,Male,28,12/10/2020,03/12/2022,Better Opportunity,Exited
1820,Teresita Domingo,Marketing,Female,31,16/12/2018,09/11/2023,Termination,Exited
1599,Ivan Aquino,Marketing,Male,56,04/01/2024,15/11/2025,Personal Reasons,Exited
1236,Paz Rivera,Sales,Female,23,06/07/2022,,,Active
1601,Carmen Ang Wong,Customer Support,Female,40,28/11/2025,,,Active
1063,Violeta Torres Ignacio,Marketing,Female,51,05/07/2025,02/06/2026,Better Opportunity,Exited
1889,Josephine Rivera Aquino,Finance,Other,34,30/11/2018,,,Active
1354,Severino Lopez,HR,Male,21,22/12/2020,08/02/2025,Better Opportunity,Exited
1882,Cameron Santiago Chua,Customer Support,Other,44,10/02/2018,10/09/2018,Health Issues,Exited
2043,Leonora Sy Aquino,HR,Female,31,29/12/2019,,,Active
1101,Teodoro Buenaventura,IT,Male,30,03/11/2018,,,Active
1345,Ian Ang Guerrero,Finance,Male,57,11/02/2020,,,Active
1183,Diana Hernandez,IT,Female,49,28/05/2020,,,Active
1575,Gani Go Hernandez,Customer Support,Male,33,17/04/2020,19/06/2025,Resignation,Exited
1954,Joselito Reyes Ang,Sales,Male,27,19/02/2025,17/10/2025,Better Opportunity,Exited
2021,Lourdes Valencia,Customer Support,Other,32,12/02/2020,,,Active
1638,Gina Del Rosario,Customer Support,Female,28,04/08/2018,23/04/2023,Termination,Exited
1611,Neil Ramos,HR,Male,43,03/07/2021,10/11/2022,Personal Reasons,Exited
1139,Isabel Aguilar Quiambao,Customer Support,Other,24,23/07/2025,11/02/2026,Relocation,Exited
1771,Queenie Dela Cruz,Sales,Female,22,06/04/2024,,,Active
1676,Marcelo Go Ong,Finance,Male,56,29/07/2020,22/04/2026,Resignation,Exited
1654,Sarah Rivera Delos Reyes,HR,Female,33,25/12/2019,,,Active
2036,Isabel Bayani,Finance,Female,29,12/01/2021,,,Active
1502,Rowena Lacson,Finance,Other,27,10/01/2021,,,Active
1041,Roberto Sy Ocampo,Customer Support,Other,32,06/07/2024,,,Active
1510,Warren Reyes Bondoc,IT,Male,44,01/08/2024,,,Active
1073,Samuel Vega Del Rosario,IT,Male,51,17/03/2024,,,Active
1614,Diana Manalang,Customer Support,Female,51,05/03/2023,,,Active
1438,Kath Tan Aguilar,Marketing,Female,41,23/11/2023,27/08/2024,Health Issues,Exited
1085,Luisa Sy Ramos,HR,Other,38,12/08/2023,,,Active
1033,Abigail Bautista Bagtas,HR,Female,39,13/10/2024,28/12/2025,Better Opportunity,Exited
1765,Gani Tuazon,Finance,Male,47,19/05/2018,11/07/2019,Resignation,Exited
1951,Yvonne Pascual Elegado,HR,Female,31,08/07/2023,16/12/2023,Personal Reasons,Exited
1421,Annaliza Ramos Natividad,HR,Female,47,10/07/2018,,,Active
1192,Maricel Camacho,Marketing,Other,22,29/11/2018,15/02/2022,Relocation,Exited
2034,Ana Domingo Cueto,Customer Support,Female,57,11/06/2020,,,Active
2003,Danilo Navarro Yap,Finance,Male,35,04/06/2021,,,Active
1698,Erlinda Lozano,Finance,Female,59,10/09/2023,30/11/2025,Retirement,Exited
1278,Aldrin Camacho,HR,Male,53,10/09/2019,18/03/2020,Health Issues,Exited
1674,Fernando Go Ramirez,Marketing,Other,33,07/10/2021,22/11/2025,Health Issues,Exited
1616,Karen Santiago,Marketing,Female,36,23/02/2024,28/09/2025,Termination,Exited
1492,Mae Domingo Fajardo,HR,Female,41,17/08/2022,,,Active
1914,Patricio Pascual Aguilar,Customer Support,Male,46,01/11/2025,,,Active
1467,Nina Quiambao,IT,Female,53,20/03/2025,02/09/2025,Better Opportunity,Exited
1712,Ronaldo Vega Fernandez,Marketing,Other,40,16/01/2021,,,Active
1607,Luisa Fernandez Enriquez,Customer Support,Other,60,07/08/2021,14/06/2023,Retirement,Exited
1295,Tess Lopez Manalang,Customer Support,Female,34,27/04/2020,,,Active
1893,Cardo Cueto,IT,Male,51,11/12/2018,18/02/2023,Retirement,Exited
1133,Zeus Flores Yap,HR,Male,48,30/07/2018,,,Active
1223,Pilar Soriano Enriquez,Finance,Female,57,16/02/2018,28/05/2022,Personal Reasons,Exited
1910,Grace Go Ong,Customer Support,Female,48,15/06/2025,,,Active
1268,Nathan Mangubat,HR,Male,33,19/02/2023,01/02/2025,Better Opportunity,Exited
1838,Ofelia Navarro,Customer Support,Female,58,24/09/2022,07/09/2024,Resignation,Exited
1082,Alvin Villanueva,Customer Support,Male,51,07/04/2021,16/02/2023,Personal Reasons,Exited
1470,Tess Pascual Zulueta,Customer Support,Female,32,18/10/2023,,,Active
1116,Elena Bautista,Marketing,Other,44,20/03/2019,,,Active
1873,Eva Sy Salazar,Marketing,Female,50,04/07/2022,20/01/2025,Retirement,Exited
1767,Riley Bayani,Marketing,Other,41,31/01/2023,,,Active
1209,Elena Gonzales Elegado,Sales,Other,24,30/11/2025,26/03/2026,Health Issues,Exited
1482,Alex Dela Cruz,Sales,Other,24,21/10/2019,,,Active
1457,Gani Garcia Hilario,IT,Male,49,09/01/2022,,,Active
1990,Imelda Estrada,Customer Support,Female,40,29/01/2022,,,Active
1368,Larry Roque,Customer Support,Male,56,28/08/2021,,,Active
1855,Morgan Ramirez,Customer Support,Other,62,06/07/2018,17/07/2019,Retirement,Exited
1624,Ramon Ramos Delos Reyes,Marketing,Other,46,12/04/2022,,,Active
1815,Elena Fernandez Jacinto,Customer Support,Female,37,25/10/2021,,,Active
2013,Ronaldo Gonzales Sia,Customer Support,Other,37,15/07/2020,,,Active
1853,Aldrin Corpuz,Finance,Male,23,05/01/2018,,,Active
1539,Fernando Lim Evangelista,Customer Support,Male,26,02/04/2023,,,Active
1007,Manuel Quiambao,Customer Support,Male,38,14/11/2025,,,Active
1778,Cristina Lazo,Customer Support,Other,51,22/12/2021,,,Active
1704,Carlos Ong,HR,Male,60,15/09/2024,14/07/2025,Retirement,Exited
1484,Victor Pascual Reyes,Marketing,Male,24,19/12/2019,,,Active
1478,Violeta Chan,IT,Female,41,02/08/2022,12/09/2023,Termination,Exited
2018,Aileen Perez,Sales,Female,60,11/08/2023,09/10/2025,Retirement,Exited
1490,Eduardo Buenaventura,Marketing,Other,45,25/04/2024,,,Active
1684,Teresa Jacinto,Marketing,Female,44,19/12/2019,,,Active
1650,Ernesto Tan Jimenez,Customer Support,Male,23,15/06/2025,,,Active
1454,Carlos Uy Diaz,Customer Support,Male,59,02/01/2022,04/12/2025,Retirement,Exited
1370,Harold Ang Bondoc,Finance,Male,27,17/03/2021,,,Active
1369,Morgan Mendoza Camacho,Customer Support,Other,58,11/11/2023,,,Active
2080,Crisanto Castro,IT,Male,37,16/12/2022,,,Active
1675,Herminia Zulueta,IT,Female,42,19/06/2020,,,Active
1792,Vanessa Co,Sales,Other,34,30/10/2019,,,Active
1549,Maricel Soriano Fernandez,HR,Other,51,10/12/2019,,,Active
1233,Sam Sy Sia,Customer Support,Other,46,07/12/2023,20/10/2024,Resignation,Exited
1940,Rosa Ramos,HR,Other,51,23/03/2018,,,Active
1029,Faith Ocampo Roque,Finance,Female,41,04/09/2020,28/08/2021,Relocation,Exited
1668,Ramon Torres Ang,Marketing,Other,55,10/09/2023,04/02/2026,Relocation,Exited
1891,Willy Ramirez Corpuz,Marketing,Male,52,25/04/2023,22/10/2025,Relocation,Exited
1866,Wendy Go Ang,Finance,Other,41,07/11/2022,,,Active
1289,Pilar Ang Corpuz,Sales,Other,52,14/07/2019,31/01/2024,Contract End,Exited
1859,Joselito Crisostomo,HR,Male,25,16/01/2024,03/03/2026,Termination,Exited
1730,Morgan Lim,HR,Other,62,23/09/2018,16/03/2021,Retirement,Exited
1352,Isabel Ocampo Mercado,Finance,Other,35,04/03/2025,,,Active
1672,Rachel Ang Tan,Customer Support,Female,35,06/02/2019,21/12/2023,Resignation,Exited
1656,Ian Fajardo,HR,Male,52,12/05/2022,21/08/2025,Relocation,Exited
1079,Yvonne Ramirez Quiambao,Customer Support,Female,57,29/05/2021,17/01/2023,Better Opportunity,Exited
1554,Belinda Castro Ramirez,Marketing,Female,46,11/12/2020,02/01/2024,Termination,Exited
1834,Gani Dela Torre,Marketing,Male,49,23/09/2025,,,Active
1753,Teresita Sy Yap,HR,Female,36,21/07/2022,22/08/2023,Better Opportunity,Exited
1016,Christian Garcia Sy,Marketing,Male,28,26/01/2022,,,Active
1793,Grace Guevarra,Finance,Female,40,04/07/2023,,,Active
1682,Paz Macapagal,Sales,Female,42,15/12/2023,24/05/2025,Personal Reasons,Exited
1284,Ivy Elegado,IT,Female,28,10/12/2020,,,Active
1530,Ronaldo Navarro Flores,Customer Support,Male,24,02/09/2018,22/08/2020,Personal Reasons,Exited
1577,Nathan Rivera San Pedro,Marketing,Male,23,03/10/2020,,,Active
1639,Daisy Panganiban,Finance,Female,45,28/04/2023,02/01/2026,Better Opportunity,Exited
1912,Alvin Manalang,Marketing,Male,26,25/03/2021,,,Active
1952,Maribel Torres Viray,HR,Female,44,03/02/2020,,,Active
1463,Mae Go Evangelista,Customer Support,Female,35,25/06/2018,,,Active
1581,Juan Miranda,Marketing,Other,33,06/02/2023,28/02/2025,Personal Reasons,Exited
1474,Danilo Umali,Finance,Male,55,24/08/2023,,,Active
1377,Warren Soriano,Marketing,Male,28,22/08/2025,23/02/2026,Health Issues,Exited
1135,Rowena Bautista,Marketing,Other,56,21/12/2024,,,Active
1106,Jessa Go Narvasa,Customer Support,Female,45,13/12/2024,,,Active
1572,Queenie Reyes Perez,Customer Support,Female,38,16/10/2024,,,Active
1613,Danilo Reyes Dalisay,Marketing,Other,30,01/12/2024,03/09/2025,Termination,Exited
1126,Jerome Uy Cueto,HR,Male,25,05/05/2023,,,Active
1501,Fernando Ramos Natividad,Customer Support,Other,44,04/02/2022,,,Active
1515,Maricel Soriano Lacson,Finance,Other,32,17/08/2024,,,Active
1523,Cardo Jimenez,Marketing,Male,40,04/08/2023,,,Active
1547,Fernando Fernandez Hilario,Customer Support,Other,34,13/07/2021,21/05/2026,Contract End,Exited
1663,Gregorio Lopez Jimenez,HR,Male,42,16/09/2018,15/07/2020,Personal Reasons,Exited
1996,Annaliza Lim Fajardo,IT,Female,58,02/04/2022,18/11/2025,Retirement,Exited
1464,Mae Zulueta,Sales,Female,41,27/02/2019,,,Active
1200,Maricel Pascual Jacinto,HR,Other,44,05/07/2018,,,Active
2051,Carlos Diaz Crisostomo,Marketing,Other,35,21/02/2019,,,Active
1374,Wendy Santiago San Pedro,Marketing,Female,49,15/05/2020,,,Active
1120,Rosalinda Santiago Evangelista,Finance,Female,44,08/06/2020,,,Active
1721,Vicente Lopez Narvasa,Customer Support,Male,26,20/08/2019,,,Active
1081,Eduardo Lopez Soriano,Marketing,Other,34,06/01/2025,10/03/2026,Better Opportunity,Exited
1397,Antonio Dela Torre,IT,Other,43,11/02/2020,18/11/2024,Better Opportunity,Exited
2054,Cameron Fernandez Corpuz,HR,Other,25,09/01/2018,,,Active
1965,Ramon Aguilar,HR,Male,26,09/03/2019,,,Active
1375,Mark Castro Lozano,Sales,Male,31,26/09/2018,30/08/2024,Termination,Exited
1212,Nathan Manalang,IT,Male,55,05/04/2022,,,Active
2044,Avery Dela Torre,IT,Other,46,15/02/2019,,,Active
1119,Efren Viray,HR,Male,58,25/09/2019,,,Active
1527,Violeta Umali,Finance,Female,23,01/03/2024,,,Active
1435,Lea Sy Castro,IT,Female,25,05/02/2020,,,Active
2012,Florinda Ang Bondoc,IT,Female,48,09/07/2023,31/03/2025,Health Issues,Exited
1814,Karen Ramirez Lacson,IT,Female,53,11/05/2018,,,Active
1378,Teodoro Del Rosario,Marketing,Male,43,01/11/2019,,,Active
1852,Juan Sy Uy,Marketing,Other,30,10/03/2022,,,Active
1626,Cristina Estrada,HR,Other,29,13/12/2018,10/11/2023,Resignation,Exited
1259,Avery Hernandez,Marketing,Other,55,20/09/2021,,,Active
1293,Carmen Garcia Natividad,Finance,Female,36,04/05/2021,,,Active
1272,Jordan Bondoc,Customer Support,Other,34,01/12/2022,,,Active
1128,Gani Miranda,Customer Support,Male,46,13/10/2022,,,Active
1102,Rachel Macaraeg,IT,Female,42,25/07/2025,,,Active
1358,Timothy Diaz Aguilar,Finance,Male,51,25/11/2025,17/05/2026,Better Opportunity,Exited
1545,Leonard Hilario,Sales,Male,36,25/04/2024,,,Active
1604,Efren Delmendo,HR,Male,41,10/08/2019,,,Active
1683,Nina Santiago Mendoza,Sales,Female,42,13/08/2018,,,Active
1477,Maria Santos Macapagal,Finance,Female,55,01/08/2022,10/11/2022,Personal Reasons,Exited
1361,Eddie Viray,Finance,Male,28,17/06/2021,,,Active
1998,Morgan Soriano Soriano,IT,Other,45,07/03/2019,,,Active
1161,Maricel Pascual Manalo,Finance,Other,33,15/02/2022,,,Active
1752,Paolo Wong,IT,Male,41,21/09/2018,,,Active
1400,Jose Mendoza Sia,IT,Male,51,14/11/2025,11/05/2026,Personal Reasons,Exited
1916,Violeta Go Santiago,Customer Support,Female,41,07/08/2022,,,Active
1813,Rosa Crisostomo,Marketing,Female,47,16/07/2023,15/05/2024,Health Issues,Exited
1053,Vicente Mercado Delmendo,HR,Male,37,09/10/2020,,,Active
1516,Jerome Soriano Bondoc,Finance,Male,35,02/01/2019,,,Active
1175,Ian Ignacio,IT,Male,49,03/05/2022,18/08/2023,Health Issues,Exited
1973,Erlinda Del Rosario,IT,Female,50,27/08/2019,,,Active
1617,Gloria Ocampo Hernandez,Marketing,Other,48,12/05/2024,,,Active
1629,Teresa Chan Solis,Customer Support,Other,38,20/03/2023,,,Active
2069,Diana Ocampo Aguilar,HR,Female,27,04/03/2019,07/03/2023,Better Opportunity,Exited
1495,Rowena Figueroa,Customer Support,Female,36,08/12/2024,10/04/2026,Better Opportunity,Exited
1448,Luisa Ramirez Tuazon,Marketing,Female,49,12/04/2022,,,Active
1481,Herminia Tan Fernandez,IT,Female,28,30/07/2020,,,Active
1080,Samuel Bautista Yap,HR,Male,49,02/05/2021,,,Active
2052,Jose Gonzales Estrada,Customer Support,Other,26,27/06/2018,,,Active
1618,Carmen Uy Dalisay,HR,Other,52,14/04/2019,,,Active
1972,Hope Mercado,Marketing,Female,21,14/01/2024,,,Active
1791,Hernando Sy,HR,Male,45,15/01/2019,,,Active
1371,Bong Guevarra,Marketing,Male,32,02/02/2021,,,Active
1809,Bea Castro Cruz,Customer Support,Female,47,23/04/2023,01/07/2025,Termination,Exited
2071,Efren Co,Marketing,Other,23,16/07/2018,31/03/2022,Better Opportunity,Exited
1789,Warren Dalisay,IT,Male,42,29/06/2018,,,Active
1416,Sue Garcia Hilario,IT,Female,52,30/04/2025,20/02/2026,Termination,Exited
1919,Gregorio Cruz,HR,Male,51,17/02/2021,,,Active
1715,Morgan Flores,HR,Other,47,02/03/2023,,,Active
1806,Bea Camacho,Marketing,Female,57,24/05/2022,07/09/2022,Better Opportunity,Exited
1198,Rosalinda Bautista Rivera,Marketing,Female,46,02/09/2023,,,Active
1186,Carmen Garcia Hilario,Finance,Other,36,17/07/2023,04/05/2025,Health Issues,Exited
1583,Juan Fernandez Mangubat,Marketing,Other,45,04/03/2024,,,Active
1422,Hazel Cueto,Finance,Female,24,16/03/2024,,,Active
1984,Leonard Ang,HR,Male,26,15/03/2023,,,Active
2001,Patricia Lazo,HR,Female,57,31/12/2020,24/04/2025,Relocation,Exited
1645,Ismael Ocampo Go,Customer Support,Male,57,27/01/2020,,,Active
1286,Ismael Ignacio,IT,Male,53,15/07/2025,12/11/2025,Retirement,Exited
1100,Eva Reyes,IT,Female,49,13/02/2019,,,Active
1366,Imelda Rivera,Marketing,Female,49,10/12/2019,,,Active
1705,Crisanto Rivera Vega,Customer Support,Male,38,25/08/2022,26/06/2025,Personal Reasons,Exited
1830,Gloria Soriano Perez,IT,Other,58,05/05/2024,,,Active
1597,Gina Ocampo,Sales,Female,42,17/07/2025,,,Active
1548,Danilo Flores Macapagal,Customer Support,Male,59,21/07/2019,07/08/2022,Retirement,Exited
1971,Belinda Delmendo,Marketing,Female,45,02/10/2022,16/01/2025,Resignation,Exited
1348,Maria Soriano Ong,Sales,Other,44,25/11/2025,,,Active
2017,Arnel Mendoza Flores,Sales,Other,41,26/06/2022,,,Active
2049,Yvonne Ramirez Mercado,Sales,Female,39,25/02/2019,,,Active
1822,Teresa Navarro Aquino,Marketing,Other,22,18/12/2022,07/04/2023,Personal Reasons,Exited
1050,Ronaldo Go Estrada,HR,Male,46,26/09/2020,02/11/2024,Better Opportunity,Exited
1100,Eva Reyes,IT,Female,49,13/02/2019,,,Active
1939,Pilar Solis,Marketing,Other,44,20/06/2022,09/05/2025,Termination,Exited
1862,Natividad Tan Santos,Sales,Female,52,26/01/2022,29/01/2025,Resignation,Exited
1933,Cherry San Pedro,IT,Female,34,14/03/2025,14/04/2026,Contract End,Exited
1769,Dennis Ramos Natividad,Customer Support,Male,29,30/08/2024,,,Active
1667,Sue Mendoza Sy,Marketing,Female,40,25/11/2021,,,Active
1892,Vince Aguilar,Sales,Male,36,10/06/2022,25/01/2025,Resignation,Exited
1521,Jaime Bautista Dalisay,Marketing,Male,38,09/11/2025,,,Active
2047,Maricel Manalo,IT,Other,33,25/07/2019,,,Active
1038,Antonio Go Tuazon,Sales,Male,36,28/12/2020,03/03/2025,Better Opportunity,Exited
1665,Gina Fernandez Hernandez,Customer Support,Female,58,08/03/2021,,,Active
1136,Efren Fernandez Santos,HR,Other,22,09/01/2020,25/09/2023,Contract End,Exited
1809,Bea Castro Cruz,Marketing,Female,47,23/04/2023,01/07/2025,Termination,Exited
1429,Isabel Aguilar Enriquez,IT,Female,27,14/04/2018,,,Active
1034,Teodoro Aguilar,Customer Support,Male,38,30/06/2018,16/03/2020,Relocation,Exited
1417,Carmen Bautista Buenaventura,Sales,Other,40,14/09/2023,,,Active
2027,Lorenzo Mendoza Narvasa,HR,Male,44,02/09/2020,,,Active
1922,Luisa Bautista Mendoza,HR,Other,27,19/05/2022,,,Active
1248,Gerald Go,Customer Support,Male,36,08/08/2023,,,Active
1757,Annaliza Delmendo,HR,Female,28,27/05/2024,,,Active
1489,Severino Fajardo,Marketing,Male,42,25/04/2019,,,Active
1678,Nathan Umali,Customer Support,Male,53,18/05/2018,,,Active
1997,Diosdado Mendoza Tan,Customer Support,Male,44,28/09/2021,,,Active
1777,Cristina Bautista Go,Sales,Other,46,14/09/2025,21/03/2026,Personal Reasons,Exited
1217,Queenie Fajardo,HR,Female,39,30/03/2025,12/08/2025,Relocation,Exited
1529,Patricia Ang Dela Cruz,Customer Support,Female,51,20/09/2025,,,Active
1685,Lourdes Ramirez Jimenez,Customer Support,Other,36,20/01/2024,21/08/2025,Personal Reasons,Exited
2005,Crisanto Torres Umali,Marketing,Male,21,03/10/2022,,,Active
1948,Casey Delmendo,HR,Other,46,02/12/2025,,,Active
1797,Manuel Pascual Uy,Customer Support,Other,40,01/09/2019,,,Active
2042,Jose Gonzales Diaz,IT,Other,26,25/07/2023,29/04/2024,Resignation,Exited
1520,Teresa Torres Navarro,HR,Female,55,06/01/2021,,,Active
1465,Gloria Ramirez Delmendo,Sales,Female,55,24/05/2024,13/09/2025,Termination,Exited
1392,Juan Lopez Natividad,HR,Male,32,07/07/2021,,,Active
1147,Cristina Domingo,IT,Other,30,25/08/2020,01/05/2022,Better Opportunity,Exited
1719,Lea Torres Ong,HR,Female,27,15/05/2018,,,Active
1496,Patricia Aguilar Trinidad,Marketing,Female,55,23/06/2018,,,Active
2015,Ana Cruz Del Rosario,Customer Support,Other,33,30/03/2019,09/12/2019,Better Opportunity,Exited
2019,Teresita Gonzales Trinidad,IT,Female,52,05/12/2018,,,Active
1938,Maribel Wong,HR,Female,32,17/10/2024,03/11/2025,Health Issues,Exited
1220,Violeta Diaz Miranda,Customer Support,Female,64,02/04/2023,16/02/2024,Retirement,Exited
1595,Miguel Ocampo Hernandez,Sales,Other,47,06/07/2018,19/02/2021,Better Opportunity,Exited
1439,Sue Vega Corpuz,Customer Support,Female,65,10/06/2025,11/03/2026,Retirement,Exited
1327,Yvonne Viray,Finance,Female,45,13/06/2021,31/08/2024,Contract End,Exited
1596,Sonny Solis,IT,Male,41,26/01/2018,20/01/2022,Termination,Exited
1141,Estrella Ang Dalisay,Customer Support,Female,34,17/07/2019,,,Active
1466,Bong Ramos Santos,Marketing,Male,43,18/06/2023,,,Active
2070,Carmen Cruz Sy,Customer Support,Female,40,08/02/2020,,,Active
1062,Eduardo Vega,Customer Support,Other,35,16/04/2025,04/08/2025,Personal Reasons,Exited
1373,Rodel Wong,IT,Other,27,22/07/2020,08/10/2025,Personal Reasons,Exited
1419,Aldrin Mendoza Hilario,IT,Male,27,22/05/2025,10/02/2026,Termination,Exited
1700,Jaime Aguilar Narvasa,Customer Support,Male,35,01/01/2023,28/01/2025,Better Opportunity,Exited
2010,Lea Ocampo,IT,Female,57,01/06/2022,15/05/2024,Contract End,Exited
1418,Cristina Tuazon,Sales,Other,42,13/04/2024,,,Active
1027,Ismael Mercado Aquino,Customer Support,Male,53,16/12/2023,17/08/2025,Better Opportunity,Exited
1981,Samuel Figueroa,Customer Support,Male,44,15/06/2024,11/02/2025,Termination,Exited
1708,Ronaldo Sy Narvasa,Customer Support,Other,52,01/10/2018,,,Active
1156,Rowena Diaz Yap,Finance,Female,46,13/06/2019,,,Active
2063,Faith Diaz Tuazon,Customer Support,Female,29,01/12/2023,,,Active
1836,Kevin Castro,HR,Male,23,05/10/2019,,,Active
1864,Celine Diaz,Marketing,Female,29,24/09/2018,13/07/2021,Resignation,Exited
1537,Taylor Rivera Ocampo,Customer Support,Other,33,15/03/2019,,,Active
1367,Diosdado Ocampo Perez,Customer Support,Male,48,07/04/2020,,,Active
1349,Rodel Soriano,IT,Other,48,03/03/2025,,,Active
2029,Maribel Fajardo,Finance,Female,55,10/12/2024,16/03/2026,Termination,Exited
1167,Roberto Go Sy,Sales,Male,53,30/09/2022,10/08/2024,Retirement,Exited
1970,Maricel Bautista San Pedro,Finance,Other,28,04/06/2024,19/07/2025,Contract End,Exited
1205,Grace Obispo,HR,Female,22,17/02/2022,28/12/2022,Contract End,Exited
2028,Miguel Diaz,Customer Support,Other,28,18/06/2018,,,Active
1187,Paolo Navarro Macapagal,Customer Support,Male,51,24/11/2023,,,Active
2069,Diana Ocampo Aguilar,HR,Female,27,04/03/2019,07/03/2023,Better Opportunity,Exited
1010,Gloria Chan,IT,Other,50,09/08/2019,13/08/2022,Personal Reasons,Exited
1011,Crisanto Bautista Cueto,IT,Male,44,17/06/2020,,,Active
1733,Elmer Mendoza Domingo,Sales,Male,22,04/01/2020,,,Active
1658,Antonio Fernandez Villanueva,Finance,Other,55,03/09/2019,,,Active
1290,Antonio Ramirez Chua,IT,Other,52,17/11/2019,20/06/2020,Resignation,Exited
1428,Neil Co,Marketing,Male,47,24/07/2025,,,Active
1582,Arnel Dela Torre,Customer Support,Other,44,16/12/2018,,,Active
2067,Riley Ocampo Tan,Marketing,Other,29,17/05/2020,,,Active
1775,Cameron Domingo Bautista,Marketing,Other,39,05/08/2025,19/12/2025,Termination,Exited
1884,Avery Panganiban,Customer Support,Other,27,27/03/2018,,,Active
1982,Annaliza Cueto,Finance,Female,51,06/01/2020,,,Active
1113,Elena Chua,Marketing,Other,31,18/11/2020,,,Active
1694,Imelda Trinidad,HR,Female,43,10/03/2021,,,Active
1424,Carlos Natividad,Finance,Other,38,18/06/2022,,,Active
1832,Paolo Sy Ramos,Sales,Male,27,24/08/2019,,,Active
1842,Imelda Soriano Lazo,IT,Female,49,10/02/2021,,,Active
1462,Jamie Tan,Customer Support,Other,30,04/06/2023,,,Active
1856,Rodel Guevarra,Finance,Other,34,05/11/2024,,,Active
1001,Paz Cruz Dela Cruz,Marketing,Female,38,30/09/2020,14/02/2025,Better Opportunity,Exited
1679,Wendy Pascual Rivera,HR,Female,52,12/09/2020,02/03/2025,Better Opportunity,Exited
1817,Morgan Santiago,Marketing,Other,27,22/04/2024,05/11/2024,Better Opportunity,Exited
1857,Carmen Ramos Perez,Marketing,Other,49,23/01/2021,10/02/2023,Termination,Exited
1655,Jaime Reyes Ramirez,Sales,Male,43,16/06/2023,22/06/2025,Termination,Exited
1579,Daisy Dela Cruz,Marketing,Female,54,06/08/2019,,,Active
1787,Danilo Torres Bautista,Customer Support,Other,36,03/08/2023,,,Active
1412,Efren Lacson,Finance,Male,42,28/10/2023,,,Active
1323,Patricia Bautista Castro,Customer Support,Female,41,16/01/2021,,,Active
1914,Patricio Pascual Aguilar,Customer Support,Male,46,01/11/2025,,,Active
1594,Annaliza San Pedro,Sales,Female,39,03/03/2020,07/09/2020,Termination,Exited
1436,Maria Fernandez Mangubat,IT,Female,31,20/07/2024,,,Active
1453,Carlos Mendoza Enriquez,Finance,Other,50,25/03/2025,,,Active
1039,Fernando Aquino,IT,Other,35,02/07/2020,30/11/2022,Termination,Exited
1184,Hope Ocampo Enriquez,Marketing,Female,25,26/01/2023,23/10/2025,Contract End,Exited
1218,Jacqueline Ocampo,Sales,Female,32,08/09/2022,,,Active
1969,Casey Buenaventura,Marketing,Other,35,04/07/2020,06/01/2024,Better Opportunity,Exited
1307,Victor Manalang,Customer Support,Male,21,04/11/2024,,,Active
1821,Ana Roque,Marketing,Other,29,23/10/2022,,,Active
1550,Danilo Manalang,Customer Support,Other,45,18/11/2018,,,Active
1314,Kath Tan Camacho,IT,Female,24,19/06/2022,,,Active
1806,Bea Camacho,Marketing,Female,57,24/05/2022,07/09/2022,Better Opportunity,Exited
1332,Lorenzo Domingo Natividad,Customer Support,Male,47,10/05/2019,,,Active
1037,Hernando Diaz Bondoc,IT,Male,30,27/08/2020,,,Active
1875,Leonora Domingo Macapagal,Customer Support,Female,25,25/08/2024,,,Active
1911,Teresita Ang Elegado,IT,Female,30,31/12/2022,25/06/2025,Relocation,Exited
1829,Daisy Santos Sia,Sales,Female,53,22/12/2021,14/11/2025,Contract End,Exited
1434,Kristoffer Obispo,HR,Male,58,17/02/2024,,,Active
1164,Efren Tan Bautista,IT,Other,30,27/11/2022,24/05/2024,Resignation,Exited
1264,Lea Garcia Bondoc,Customer Support,Female,48,13/01/2023,,,Active
1232,Avery Corpuz,IT,Other,45,19/03/2022,03/03/2026,Resignation,Exited
1303,Violeta Lopez Ramos,Sales,Female,38,18/01/2019,,,Active
1176,Jose Mendoza Guerrero,Marketing,Other,48,20/11/2018,,,Active
1657,Jamie Go Vergara,Sales,Other,22,01/06/2018,13/06/2022,Resignation,Exited
1926,Rodel Navarro Soriano,Marketing,Other,46,19/10/2022,29/03/2024,Better Opportunity,Exited
1173,Miguel Soriano Garcia,Marketing,Other,25,18/02/2023,04/07/2024,Better Opportunity,Exited
1072,Danilo Mercado Chua,HR,Male,52,10/01/2023,,,Active
1169,Kristina Enriquez,IT,Female,43,12/09/2020,,,Active
1456,Nina Ramirez,Customer Support,Female,35,09/03/2025,,,Active
1090,Carmen Santiago Bondoc,Sales,Other,21,17/05/2025,,,Active
1118,Patricia Enriquez,Customer Support,Female,52,21/04/2019,25/01/2021,Termination,Exited
1835,Belinda Torres Lazo,Sales,Female,29,09/06/2023,,,Active
1322,Jacqueline Lim Ocampo,Customer Support,Female,44,18/04/2022,,,Active
1805,Victor Uy Viray,Customer Support,Male,28,12/11/2019,,,Active
1460,Ernesto Pascual Evangelista,Marketing,Male,55,18/04/2023,,,Active
1054,Rowena Rivera Ramirez,IT,Female,39,18/08/2020,01/09/2022,Resignation,Exited
1819,Maria Uy,IT,Female,33,04/12/2022,,,Active
1758,Casey Navarro Sy,Marketing,Other,54,28/10/2020,,,Active
1897,Avery Miranda,IT,Other,38,20/02/2020,,,Active
1729,Joselito Mendoza Mercado,HR,Male,54,21/05/2025,,,Active
1271,Jose Guevarra,IT,Other,33,22/08/2024,,,Active
1112,Jacqueline Santiago Vega,HR,Female,39,31/08/2021,,,Active
1517,Gani Sy Umali,Customer Support,Male,29,09/11/2021,06/02/2025,Better Opportunity,Exited
1227,Cameron Uy Pascual,Customer Support,Other,53,08/04/2020,,,Active
1497,Maricel Sy Flores,Marketing,Other,53,21/02/2021,,,Active
1499,Leonard Santiago Narvasa,HR,Male,21,18/02/2018,,,Active
1709,Kevin Cueto,Sales,Male,51,14/10/2025,,,Active
1896,Danilo Vega,Sales,Other,27,01/05/2019,02/01/2020,Health Issues,Exited
1196,Yvonne Uy,IT,Female,27,27/07/2018,14/02/2023,Resignation,Exited
1337,Fe Sy Mendoza,Customer Support,Female,49,12/06/2019,30/05/2023,Better Opportunity,Exited
1669,Riley Flores Bayani,Sales,Other,51,31/07/2023,14/09/2025,Contract End,Exited
1746,Casey Miranda,Customer Support,Other,46,14/07/2020,,,Active
1794,Gina Sy Wong,IT,Female,44,01/10/2023,30/03/2025,Resignation,Exited
1138,Sonny Bautista Perez,IT,Male,44,30/06/2021,,,Active
1701,Maricel Ang Cueto,Customer Support,Female,49,05/08/2025,,,Active
1913,Eva Salazar,HR,Female,32,28/08/2022,14/05/2026,Personal Reasons,Exited
1508,Danilo Camacho,Marketing,Other,31,08/03/2025,,,Active
1628,Patricia Garcia Gonzales,HR,Female,55,18/06/2024,24/10/2024,Health Issues,Exited
1394,Iris Santos Elegado,IT,Female,33,09/03/2022,,,Active
1383,Ferdi Aguilar Aquino,Marketing,Male,39,07/05/2021,,,Active
1222,Sarah Aguilar Sy,IT,Female,29,10/05/2023,28/12/2024,Better Opportunity,Exited
1989,Herminia Cruz Dela Cruz,HR,Female,49,11/07/2021,29/06/2022,Health Issues,Exited
1876,Christian Vega Narvasa,IT,Male,49,01/02/2020,28/10/2020,Better Opportunity,Exited
1329,Maria Bautista Villanueva,IT,Other,26,06/07/2024,17/02/2025,Relocation,Exited
1013,Gloria Wong,Marketing,Other,21,18/08/2025,,,Active
1768,Manuel Torres Macaraeg,Marketing,Other,29,13/01/2018,,,Active
1084,Maricel Go Co,HR,Other,30,20/10/2018,30/06/2022,Relocation,Exited
1207,Teresita Torres Ocampo,Marketing,Female,45,29/08/2019,,,Active
1104,Lourdes Soriano Manalo,IT,Female,26,13/11/2022,,,Active
1310,Bong Tan Cueto,IT,Male,39,29/09/2025,15/03/2026,Better Opportunity,Exited
1878,Kristoffer Vega,Marketing,Male,30,23/08/2018,02/07/2019,Termination,Exited
1181,Maricel Tan Ramirez,HR,Other,44,24/12/2022,,,Active
2065,Eva Hilario,Marketing,Female,48,16/08/2025,,,Active
1498,Hernando Roque,Marketing,Male,53,23/11/2021,,,Active
1317,Hernando Ramos Castro,Customer Support,Male,24,20/06/2021,,,Active
1142,Kath Jacinto,HR,Female,45,22/12/2023,,,Active
2030,Sue Manalang,Customer Support,Female,56,31/10/2020,,,Active
1983,Manuel Gonzales Hernandez,Marketing,Other,46,30/09/2020,06/05/2022,Termination,Exited
1899,Queenie Lim,HR,Female,53,04/09/2019,,,Active
1211,Ivy Aguilar Macaraeg,IT,Female,40,29/03/2021,,,Active
1568,Natividad Castro Corpuz,IT,Female,42,14/01/2023,,,Active
1143,Aileen Lim Macapagal,Sales,Female,23,22/11/2022,29/07/2023,Resignation,Exited
1515,Maricel Soriano Lacson,Finance,Other,32,17/08/2024,,,Active
1363,Efren Ramirez Guerrero,IT,Other,57,10/09/2018,09/01/2020,Better Opportunity,Exited
1005,Jerome Ocampo Macapagal,Finance,Male,56,15/04/2021,,,Active
1045,Pete Rivera Flores,Marketing,Male,41,07/07/2022,,,Active
1282,Timothy Castro Tolentino,Customer Support,Male,32,03/02/2020,,,Active
1203,Gina Ramos Delmendo,IT,Female,23,16/07/2019,,,Active
1723,Gloria Santos,Marketing,Other,39,05/12/2019,,,Active
1359,Isabel Ang Tolentino,Customer Support,Female,53,22/01/2024,03/02/2025,Retirement,Exited
1564,Miguel Soriano Garcia,Marketing,Male,26,03/02/2020,21/06/2025,Health Issues,Exited
1977,Danilo Estrada,IT,Other,31,30/03/2018,,,Active
1372,Ronaldo Soriano Cruz,Customer Support,Other,42,29/09/2025,28/04/2026,Contract End,Exited
1772,Rosa Garcia Perez,Customer Support,Other,31,23/07/2018,,,Active
1035,Kevin Sy Narvasa,Marketing,Male,21,04/04/2019,04/03/2021,Health Issues,Exited
1238,Fernando Gonzales Torres,Customer Support,Other,54,24/06/2020,,,Active
1800,Luisa Trinidad,Marketing,Other,64,05/07/2018,03/02/2022,Retirement,Exited
1274,Antonio Evangelista,Marketing,Male,53,04/10/2025,,,Active
1870,Roberto Mercado Mangubat,Marketing,Male,60,22/10/2020,16/09/2023,Retirement,Exited
1633,Aldrin San Pedro,IT,Male,58,24/11/2019,,,Active
1195,Taylor Torres Macaraeg,IT,Other,43,22/06/2022,17/10/2024,Health Issues,Exited
1514,Oscar Ramos Wong,Customer Support,Male,41,05/05/2023,,,Active
1615,Gloria Tan Sia,Customer Support,Female,27,27/08/2021,,,Active
1980,Lorenzo Rivera,Marketing,Male,51,07/04/2021,,,Active
1860,Jose Castro Castro,IT,Male,45,27/12/2019,,,Active
1210,Teodoro Mercado Solis,IT,Male,55,22/12/2021,,,Active
1163,Larry Lopez Castro,Customer Support,Male,44,21/03/2024,,,Active
1636,Cameron Perez,Marketing,Other,23,05/11/2021,,,Active
1851,Warren Ramos,IT,Male,29,01/06/2021,,,Active
1735,Carmen Lacson,Marketing,Female,42,24/01/2024,,,Active
1088,Francis Bondoc,Finance,Male,47,27/09/2021,28/07/2022,Resignation,Exited
1943,Manuel Bayani,Marketing,Other,46,09/03/2022,,,Active
1781,Vicente Sy Del Rosario,HR,Male,37,24/04/2019,27/12/2020,Health Issues,Exited
1191,Bong Buenaventura,Marketing,Male,31,22/05/2025,,,Active
1179,Herminia Uy Bautista,Finance,Female,46,28/01/2022,,,Active
1557,Cherry Cruz Trinidad,HR,Female,43,29/11/2024,,,Active
1727,Victor Pascual Tan,IT,Male,40,15/09/2025,,,Active
1393,Aileen Chan Vergara,Marketing,Female,26,15/06/2019,,,Active
1094,Diosdado Ramos Salazar,IT,Female,51,25/09/2020,,,Active
1986,Faith Navarro Macapagal,Sales,Female,51,25/03/2025,,,Active
1721,Vicente Lopez Narvasa,Customer Support,Male,26,20/08/2019,,,Active
1523,Cardo Jimenez,HR,Male,40,04/08/2023,,,Active
2040,Rowena Santiago,HR,Other,37,09/01/2025,,,Active
1512,Casey Fernandez Lopez,Customer Support,Other,56,09/08/2018,21/04/2023,Health Issues,Exited
1792,Vanessa Co,Sales,Female,34,30/10/2019,,,Active
1440,Rodel Panganiban,IT,Other,36,13/06/2018,,,Active
1472,Gerald Ocampo Roque,Customer Support,Male,37,18/11/2019,,,Active
1399,Isabel Uy Hernandez,Marketing,Female,27,01/05/2025,,,Active
1754,Rowena Soriano,IT,Other,58,15/10/2019,11/05/2020,Retirement,Exited
1036,Mylene Jacinto,Customer Support,Female,23,05/01/2022,29/08/2023,Relocation,Exited
1890,Cardo Santiago Soriano,HR,Male,53,13/03/2022,,,Active
1609,Paz Reyes Manalo,Marketing,Female,40,16/11/2024,,,Active
1962,Taylor Castro Dela Torre,IT,Other,51,20/05/2025,,,Active
1713,Herminia Ramirez Lopez,Sales,Female,54,26/02/2021,14/02/2024,Termination,Exited
1044,Joselito Obispo,HR,Male,44,02/11/2022,07/12/2024,Relocation,Exited
1262,Aldrin Uy,IT,Male,45,18/12/2018,,,Active
1718,Morgan Chan Villanueva,Customer Support,Other,48,30/09/2025,,,Active
1430,Estrella Santiago,HR,Female,39,31/08/2025,14/12/2025,Personal Reasons,Exited
1229,Rosa Santos Tolentino,IT,Female,50,18/07/2025,,,Active
1006,Lourdes Santiago Panganiban,Customer Support,Female,39,23/11/2018,,,Active
1874,Ramon Castro Roque,Sales,Male,42,20/04/2025,,,Active
1612,Cardo Go Fernandez,HR,Other,29,16/01/2019,,,Active
2024,Rafael Bautista Uy,Marketing,Male,40,27/03/2019,17/08/2022,Contract End,Exited
1586,Alvin Santos Bondoc,Marketing,Male,34,08/08/2024,,,Active
1319,Beatriz Ocampo Elegado,HR,Female,22,04/10/2021,,,Active
2011,Taylor Gonzales Santos,Sales,Other,61,28/12/2021,25/10/2024,Retirement,Exited
2041,Tina Sy Domingo,Customer Support,Female,58,23/01/2025,,,Active
1035,Kevin Sy Narvasa,Marketing,Male,21,04/04/2019,04/03/2021,Health Issues,Exited
1313,Manuel Santos Cruz,Marketing,Male,32,14/04/2023,,,Active
1076,Pete Chua,Customer Support,Male,38,06/07/2018,,,Active
1174,Danilo Santiago Wong,Marketing,Other,51,24/04/2023,17/08/2024,Retirement,Exited
1095,Kath Wong,Sales,Female,47,24/10/2021,,,Active
1052,Rowena Natividad,Marketing,Other,53,14/10/2022,,,Active
1552,Florinda Mendoza,Marketing,Female,57,18/06/2018,20/05/2020,Retirement,Exited
1995,Miguel Lopez Miranda,HR,Other,30,05/01/2024,08/01/2026,Personal Reasons,Exited
1420,Annaliza Castro Tolentino,Customer Support,Female,29,04/08/2022,06/04/2026,Better Opportunity,Exited
1221,Oliver Garcia Estrada,Sales,Male,33,20/12/2019,,,Active
1509,Fernando Quiambao,Marketing,Other,59,21/11/2018,10/09/2021,Retirement,Exited
1711,Ismael Lopez Fernandez,IT,Male,43,19/07/2018,27/08/2019,Health Issues,Exited
1894,Dennis Gonzales Wong,IT,Male,47,14/02/2022,,,Active
1608,Hope Pascual Wong,Customer Support,Female,56,07/10/2023,13/07/2025,Termination,Exited
1388,Joy Vega Corpuz,Customer Support,Female,56,20/01/2020,,,Active
1094,Diosdado Ramos Salazar,IT,Male,51,25/09/2020,,,Active
1993,Rica Aguilar Rivera,HR,Female,23,10/02/2020,08/10/2022,Contract End,Exited
1652,Efren Mangubat,Finance,Other,51,12/05/2019,,,Active
1149,Victor Aguilar Valencia,Marketing,Male,41,13/01/2025,24/11/2025,Better Opportunity,Exited
1483,Antonio Tan Obispo,Marketing,Male,26,20/09/2018,14/02/2023,Better Opportunity,Exited
1403,Hazel Santos Mangubat,IT,Female,52,30/04/2020,,,Active
1250,Antonio Aquino,Marketing,Other,25,30/06/2025,01/10/2025,Termination,Exited
1341,Mylene Ang Umali,Sales,Female,55,21/03/2018,,,Active
1802,Ivy Sia,IT,Female,51,28/02/2023,,,Active
1201,Joselito Flores,Customer Support,Male,56,19/02/2021,,,Active
1743,Arnel Mendoza Macapagal,IT,Other,58,02/04/2018,,,Active
1092,Danilo Tan,Finance,Male,36,11/10/2019,05/03/2020,Health Issues,Exited
1541,Leonora Elegado,Finance,Female,35,18/12/2023,,,Active
1692,Teresa Soriano Hilario,HR,Other,52,27/08/2024,,,Active
1585,Isabel Guerrero,Customer Support,Other,21,22/02/2023,,,Active
1443,Marcelo Mendoza Guevarra,HR,Male,25,13/05/2020,,,Active
1610,Zeus Ong,Marketing,Male,27,21/04/2022,09/12/2024,Termination,Exited
2038,Jose Aguilar Crisostomo,HR,Male,39,22/08/2021,,,Active
1281,Danilo Go Jacinto,Finance,Other,54,16/12/2019,,,Active
1411,Mark Ramirez Del Rosario,Customer Support,Male,23,17/09/2018,25/06/2022,Better Opportunity,Exited
1881,Danilo Tan San Pedro,Marketing,Other,50,30/12/2024,01/12/2025,Personal Reasons,Exited
1924,Nicanor Fernandez,Finance,Male,33,17/08/2025,,,Active
1569,Erlinda Corpuz,Sales,Female,54,08/07/2019,,,Active
1782,Cameron Jacinto,IT,Other,65,19/10/2023,03/07/2024,Retirement,Exited
1695,Florinda Cruz Aguilar,HR,Female,32,10/12/2025,,,Active
1973,Erlinda Del Rosario,IT,Female,50,27/08/2019,,,Active
1688,Carmen Gonzales Dela Cruz,Sales,Other,25,11/02/2020,,,Active
1336,Rowena Ocampo Narvasa,Customer Support,Female,35,20/06/2019,15/03/2024,Termination,Exited
1643,Diana Reyes Go,Sales,Female,27,22/11/2023,21/05/2025,Termination,Exited
1315,Lorenzo Tan Domingo,Customer Support,Male,30,10/02/2021,19/10/2021,Health Issues,Exited
1790,Carlos Dalisay,Finance,Other,57,14/06/2019,29/03/2020,Resignation,Exited
1751,Cameron Del Rosario,Finance,Other,24,10/11/2023,26/05/2025,Better Opportunity,Exited
1893,Cardo Cueto,IT,Male,51,11/12/2018,18/02/2023,Retirement,Exited
1507,Warren Pascual Ramos,IT,Male,53,20/06/2023,,,Active
1945,Ronaldo Rivera Jimenez,Finance,Other,43,19/09/2023,,,Active
1953,Miguel Chan,IT,Other,32,03/04/2020,20/07/2022,Resignation,Exited
1093,Ian Aguilar Miranda,Finance,Male,28,07/04/2025,,,Active
1593,Ian Zamora,Finance,Male,52,30/10/2023,,,Active
1932,Rodel Ang Torres,Customer Support,Male,28,19/06/2021,11/02/2024,Personal Reasons,Exited
1928,Isabel Lopez,Customer Support,Other,47,20/05/2021,,,Active
1395,Grace Cruz Pascual,Marketing,Female,43,02/07/2021,24/11/2023,Health Issues,Exited
2076,Bea Garcia,IT,Female,39,15/01/2022,,,Active
1576,Leonard Cruz Obispo,Sales,Male,23,26/10/2024,,,Active
1574,Alex Wong,IT,Other,63,25/04/2023,22/08/2024,Retirement,Exited
1279,Teresa Mendoza Umali,Customer Support,Other,30,27/11/2021,14/09/2024,Resignation,Exited
1736,Antonio Soriano Soriano,Customer Support,Male,45,18/12/2022,,,Active
1921,Riley Zulueta,HR,Other,55,04/06/2020,,,Active
1280,Danilo Lopez Bayani,IT,Other,41,03/10/2018,16/04/2020,Better Opportunity,Exited
1640,Efren Lacson,Finance,Other,23,03/02/2019,,,Active
1338,Hernando Gonzales Crisostomo,Sales,Male,22,17/04/2022,,,Active
1228,Pilar Lim Roque,Customer Support,Female,58,26/06/2023,27/02/2025,Termination,Exited
1699,Crisanto Soriano Figueroa,Finance,Male,28,16/05/2023,,,Active
1009,Tess Ang Miranda,Customer Support,Female,41,02/07/2022,06/12/2023,Resignation,Exited
1086,Ulysses Gonzales Macapagal,HR,Male,22,10/01/2019,03/07/2019,Contract End,Exited
1941,Severino Go Panganiban,Finance,Male,30,14/03/2024,,,Active
1799,Miguel Gonzales,Sales,Male,58,01/12/2018,,,Active
1918,Rowena Hilario,HR,Female,50,09/06/2023,,,Active
2035,Rosalinda Fernandez Chua,IT,Female,38,11/03/2024,24/01/2025,Better Opportunity,Exited
1097,Elmer Diaz,IT,Male,55,26/03/2022,,,Active
1342,Ramon Chan Ang,IT,Male,57,10/05/2022,30/09/2022,Retirement,Exited
1122,Rosa Mendoza,Sales,Female,34,13/03/2025,,,Active
1157,Samuel Santiago Cueto,Sales,Male,54,18/01/2019,,,Active
1944,Juan Diaz,Customer Support,Other,28,26/04/2022,,,Active
1818,Lourdes Domingo,Customer Support,Female,49,04/09/2023,,,Active
1858,Jacqueline Ang Bondoc,HR,Female,51,18/01/2018,,,Active
1634,Celine Aguilar Go,IT,Female,53,11/11/2018,,,Active
1471,Erlinda Narvasa,Finance,Female,51,27/05/2023,22/12/2025,Termination,Exited
1558,Rowena Gonzales,Finance,Female,44,01/10/2019,,,Active
1724,Kristina Manalo,Customer Support,Female,53,08/12/2025,,,Active
1294,Lourdes Sy Hernandez,IT,Other,36,09/05/2020,,,Active
1773,Eva Ramirez Figueroa,Finance,Female,57,26/04/2019,10/06/2024,Personal Reasons,Exited
1415,Daisy Dela Cruz,IT,Female,50,25/12/2022,,,Active
1935,Teresita Guevarra,HR,Female,42,04/11/2021,10/02/2025,Better Opportunity,Exited
1908,Imelda Dalisay,HR,Female,24,18/02/2022,,,Active
1165,Joy Pascual Mercado,Marketing,Female,26,16/03/2022,27/03/2024,Contract End,Exited
1937,Rosa Lopez Obispo,Customer Support,Other,52,30/05/2019,12/12/2021,Retirement,Exited
1697,Ian Mercado,Customer Support,Male,31,26/12/2023,19/04/2024,Termination,Exited
1283,Carlos Gonzales Macapagal,IT,Male,21,26/11/2025,31/03/2026,Personal Reasons,Exited
1365,Mae Macapagal,Marketing,Female,23,19/08/2023,,,Active
1747,Eddie Ocampo Estrada,Customer Support,Male,25,09/05/2024,,,Active
1311,Rosalinda Zamora,IT,Female,36,21/07/2023,,,Active
1511,Natividad Mendoza Pascual,Customer Support,Female,37,10/11/2025,,,Active
1180,Tess Ocampo,Customer Support,Female,44,23/01/2022,,,Active
1070,Marcelo Crisostomo,IT,Male,45,09/10/2021,03/11/2023,Better Opportunity,Exited
1784,Rowena Torres Viray,IT,Other,52,17/06/2018,,,Active
1524,Elena Domingo Navarro,IT,Other,30,18/08/2018,11/04/2023,Better Opportunity,Exited
2068,Leonard Santiago Pascual,Sales,Male,41,27/04/2025,,,Active
1866,Wendy Go Ang,Finance,Female,41,07/11/2022,,,Active
1124,Oscar Go,Sales,Male,38,16/08/2019,,,Active
1059,Lourdes Lozano,Finance,Other,55,21/04/2018,,,Active
2057,Isabel Ramirez Fajardo,IT,Other,36,19/04/2022,,,Active
1364,Elena Macapagal,Marketing,Other,54,11/09/2022,,,Active
1708,Ronaldo Sy Narvasa,Customer Support,Other,52,01/10/2018,,,Active
1266,Fernando Fernandez Sia,Finance,Other,57,05/11/2023,26/02/2025,Better Opportunity,Exited
1964,Oscar Lopez Sy,Finance,Male,49,19/04/2019,,,Active
1999,Rowena Wong,Marketing,Other,27,07/12/2023,12/10/2025,Resignation,Exited
1381,Vicente Estrada,HR,Male,21,05/07/2020,07/03/2024,Personal Reasons,Exited
1605,Teresa Cruz Gonzales,Customer Support,Other,50,07/05/2022,,,Active
1863,Tess Figueroa,Customer Support,Female,53,17/07/2023,30/04/2024,Relocation,Exited
1960,Elmer Cruz,Marketing,Male,21,26/02/2025,,,Active
1915,Rica Castro,HR,Female,34,15/07/2023,,,Active
1148,Daisy Guevarra,HR,Female,52,16/03/2023,,,Active
1252,Neil Sy Co,Marketing,Male,22,09/12/2023,,,Active
1819,Maria Uy,IT,Female,33,04/12/2022,,,Active
2050,Nicanor Torres Guevarra,Customer Support,Male,30,18/12/2021,,,Active
1213,Hazel Aguilar Rivera,Sales,Female,39,20/11/2018,03/02/2024,Relocation,Exited
1441,Kevin Cueto,Finance,Male,55,04/03/2021,25/04/2024,Resignation,Exited
1565,Bryan Sy,IT,Male,31,17/03/2018,26/05/2022,Termination,Exited
1331,Crisanto Mendoza Narvasa,IT,Male,35,02/11/2018,,,Active
1979,Manuel Roque,Customer Support,Other,46,03/02/2019,11/12/2019,Resignation,Exited
1277,Antonio Go Natividad,Customer Support,Other,56,05/07/2024,,,Active
2000,Belinda Fernandez Chan,Sales,Female,45,11/01/2020,15/10/2024,Termination,Exited
1985,Celine Hernandez,IT,Female,65,05/12/2018,20/11/2024,Retirement,Exited
1936,Isabel Aquino,Customer Support,Other,54,10/08/2021,20/05/2025,Better Opportunity,Exited
1872,Timothy Bautista Aquino,Finance,Male,25,07/06/2019,19/08/2024,Better Opportunity,Exited
1449,Diosdado Sia,Customer Support,Male,55,23/04/2021,,,Active
1386,Miguel Buenaventura,IT,Other,58,10/12/2025,,,Active
1887,Xander Diaz,IT,Male,36,09/07/2018,,,Active
1525,Luisa Uy,Sales,Other,28,16/10/2020,,,Active
1304,Efren Ocampo Santos,Customer Support,Male,35,25/10/2022,,,Active
1488,Roberto Mendoza Soriano,Customer Support,Other,50,13/07/2022,,,Active
1927,Celine Corpuz,Customer Support,Female,35,28/09/2018,,,Active
2058,Nicanor Santiago Jimenez,IT,Male,47,29/11/2023,,,Active
1068,Fernando Solis,Marketing,Other,30,19/11/2022,20/01/2026,Contract End,Exited
1020,Francis Aguilar Villanueva,Customer Support,Male,35,04/10/2018,,,Active
1325,Teresita Ang Suarez,Customer Support,Female,57,29/05/2021,,,Active
1261,Warren Rivera Viray,Marketing,Male,41,02/05/2018,,,Active
1131,Cameron Guevarra,IT,Other,41,15/10/2022,18/06/2024,Termination,Exited
1410,Bernardo Umali,Customer Support,Male,43,09/11/2024,23/01/2026,Resignation,Exited
1401,Cristina Cueto,HR,Female,29,12/09/2022,,,Active
1745,Manuel Domingo Fajardo,Customer Support,Male,52,15/02/2025,,,Active
1055,Gloria Flores Suarez,HR,Other,25,27/08/2022,,,Active
2061,Aileen Mendoza Ignacio,Customer Support,Female,30,27/03/2022,,,Active
1151,Arnel Cruz Suarez,Customer Support,Other,26,24/11/2024,,,Active
1877,Cristina Santos Buenaventura,IT,Other,30,27/08/2019,,,Active
1673,Michael Castro Ignacio,Customer Support,Male,34,01/11/2024,,,Active
2064,Antonio Quiambao,IT,Male,21,20/03/2021,18/10/2021,Resignation,Exited
1886,Miguel Santiago Fajardo,Finance,Other,48,25/09/2018,11/06/2020,Resignation,Exited
1107,Oscar Vega Aguilar,Marketing,Male,21,21/03/2023,,,Active
1744,Karen Pascual,Sales,Female,34,08/10/2021,,,Active
1909,Hazel Flores Del Rosario,IT,Female,28,13/06/2019,,,Active
1750,Gloria Solis,HR,Other,50,02/01/2021,,,Active
1756,Casey Tolentino,Sales,Other,47,28/01/2022,,,Active
1025,Wilfredo Estrada,Customer Support,Male,64,06/11/2019,21/06/2024,Retirement,Exited
1812,Ferdi Lopez Flores,Sales,Male,39,30/09/2025,,,Active
1662,Vince Flores Guerrero,Finance,Male,41,10/05/2019,,,Active
1839,Yvonne Uy Umali,Marketing,Female,43,04/10/2018,,,Active
1534,Jerome Ocampo Trinidad,HR,Male,32,18/03/2018,,,Active
2022,Erlinda Castro Estrada,Customer Support,Female,23,26/01/2021,,,Active
1083,Miguel Ramirez Estrada,Finance,Other,58,01/06/2025,,,Active
1256,Tess Fernandez,HR,Female,48,26/03/2025,,,Active
1650,Ernesto Tan Jimenez,Customer Support,Female,23,15/06/2025,,,Active
1614,Diana Manalang,Customer Support,Female,51,05/03/2023,,,Active
1380,Ana Tuazon,HR,Female,47,04/10/2023,11/03/2026,Contract End,Exited
1077,Maricel Uy Co,Customer Support,Other,52,25/02/2019,,,Active
1389,Elena Mendoza,Customer Support,Other,53,19/09/2021,31/03/2025,Retirement,Exited
1407,Maria Vergara,IT,Other,38,16/01/2019,17/02/2023,Better Opportunity,Exited
1292,Eduardo Flores Obispo,IT,Male,44,30/01/2024,,,Active
1795,Eduardo Go Cueto,Customer Support,Male,44,19/11/2024,05/01/2026,Termination,Exited
1716,Mae Soriano Buenaventura,Marketing,Female,44,24/07/2019,,,Active
1111,Christian Santiago Manalo,Marketing,Male,29,17/01/2025,04/03/2026,Relocation,Exited
1625,Manuel Ang Bayani,Customer Support,Male,44,05/09/2022,18/08/2023,Better Opportunity,Exited
1992,Pilar Santiago,Marketing,Other,54,13/12/2021,,,Active
1968,Leonard Corpuz,HR,Male,42,25/03/2022,,,Active
1247,Yvonne Diaz Chua,HR,Female,56,20/07/2024,,,Active
1146,Josephine Vega Elegado,HR,Female,31,09/11/2018,,,Active
2053,Lilia Ang Lopez,HR,Female,40,03/01/2025,,,Active
1129,Nena Sy Chua,Customer Support,Female,30,27/09/2018,18/08/2022,Termination,Exited
2037,Patricia Domingo Dalisay,Finance,Female,28,06/01/2018,,,Active
1623,Diana Tan Bautista,Sales,Female,56,06/08/2018,14/11/2022,Better Opportunity,Exited
1409,Elena Lozano,Finance,Other,27,01/09/2022,,,Active
1461,Gregorio Lopez Cueto,Customer Support,Male,26,14/06/2022,03/10/2022,Relocation,Exited
1487,Sue Aguilar Narvasa,IT,Female,21,22/11/2025,03/03/2026,Health Issues,Exited
2074,Maricel Flores Miranda,Customer Support,Female,50,19/11/2018,,,Active
1091,Victor Reyes Jimenez,Marketing,Male,49,31/07/2018,17/04/2020,Contract End,Exited
1206,Willy Bautista Macapagal,Marketing,Male,37,09/05/2025,,,Active
1493,Jacqueline Flores Tuazon,IT,Female,42,08/11/2018,,,Active
1171,Ivan Mendoza Aquino,Customer Support,Male,44,04/11/2020,,,Active
1519,Mae Solis,Sales,Female,26,26/09/2022,,,Active
1745,Manuel Domingo Fajardo,IT,Male,52,15/02/2025,,,Active
1057,Gloria Quiambao,Sales,Other,47,14/01/2024,,,Active
1405,Hernando Garcia,Finance,Male,50,27/04/2021,05/11/2021,Better Opportunity,Exited
1242,Maricel Fajardo,IT,Female,26,17/01/2023,,,Active
1600,Imelda Macapagal,IT,Female,45,10/01/2025,,,Active
1347,Erlinda Gonzales,Customer Support,Female,32,18/08/2021,14/09/2022,Relocation,Exited
1098,Leonard Salazar,Customer Support,Male,47,28/06/2018,15/01/2024,Personal Reasons,Exited
1827,Carlos Soriano Rivera,IT,Other,29,02/11/2023,,,Active
1117,Bryan Ramos Corpuz,Finance,Male,35,06/04/2025,27/02/2026,Resignation,Exited
1202,Cameron Vega,IT,Other,42,03/04/2024,,,Active
1326,Antonio Santos Guerrero,Finance,Other,55,01/10/2020,23/03/2026,Termination,Exited
1480,Vince Manalang,Customer Support,Male,51,05/11/2020,,,Active
1324,Manuel Go Dalisay,Customer Support,Other,23,01/07/2022,08/05/2025,Resignation,Exited
1194,Hazel Fernandez Suarez,IT,Female,24,10/10/2019,,,Active
2072,Lourdes Mendoza Mangubat,Marketing,Female,46,28/12/2021,,,Active
1444,Jordan Del Rosario,Customer Support,Other,48,02/04/2025,,,Active
1726,Rodel Rivera Dalisay,Marketing,Male,39,01/04/2024,,,Active
2020,Elena Lazo,IT,Other,37,11/11/2025,25/05/2026,Termination,Exited
1455,Jerome Macaraeg,IT,Male,58,17/09/2019,,,Active
1529,Patricia Ang Dela Cruz,Customer Support,Female,51,20/09/2025,,,Active
2007,Cristina Natividad,HR,Other,54,02/09/2025,,,Active
1551,Cristina Reyes,IT,Other,28,17/07/2020,,,Active
1867,Dennis Diaz Santos,Marketing,Male,23,08/07/2020,22/06/2025,Health Issues,Exited
2023,Pacita Bautista Buenaventura,Customer Support,Female,47,21/11/2023,28/11/2025,Contract End,Exited
1069,Danilo Ang,Marketing,Male,48,23/08/2024,30/07/2025,Resignation,Exited
1425,Pete Macaraeg,Customer Support,Male,53,09/05/2021,,,Active
1297,Eduardo Fernandez Figueroa,Sales,Other,60,10/05/2025,14/10/2025,Retirement,Exited
1738,Juan Domingo Bagtas,HR,Other,57,09/04/2023,,,Active
2066,Feliciano Wong,IT,Male,40,20/07/2020,,,Active
1903,Maricel Ocampo,HR,Other,40,28/08/2021,,,Active
1602,Hernando Cruz Gonzales,Sales,Male,40,04/06/2020,,,Active
1871,Lourdes Bautista Castro,Finance,Other,49,27/01/2019,,,Active
1150,Antonio Pascual Torres,Marketing,Male,25,25/06/2021,,,Active
1396,Bea Guevarra,IT,Female,54,08/09/2024,,,Active
1427,Elmer Vega Lazo,Finance,Male,32,26/08/2023,,,Active
1431,Rowena Tan,Customer Support,Other,27,28/11/2024,,,Active
1560,Teodoro Fernandez Hilario,Customer Support,Male,34,17/02/2024,,,Active
1526,Lorenzo Soriano Tuazon,Customer Support,Male,27,05/11/2023,,,Active
1171,Ivan Mendoza Aquino,Customer Support,Male,44,04/11/2020,,,Active
1015,Paz Elegado,Sales,Female,53,30/10/2024,07/08/2025,Personal Reasons,Exited
1253,Eduardo Diaz,Sales,Other,27,30/01/2019,,,Active
1239,Leonard Lim Elegado,Marketing,Male,52,12/07/2018,,,Active
1841,Ana Tan Salazar,Customer Support,Other,26,03/01/2025,,,Active
1121,Miguel Castro,Marketing,Other,43,06/09/2018,,,Active
1845,Gani Gonzales Cruz,Customer Support,Male,41,04/07/2022,,,Active
1286,Ismael Ignacio,IT,Male,53,15/07/2025,12/11/2025,Retirement,Exited
1846,Gloria Gonzales Pascual,IT,Other,41,14/04/2022,04/03/2023,Contract End,Exited
1555,Mark Aguilar Uy,Marketing,Male,33,17/04/2024,,,Active
1197,Pilar Soriano Suarez,Finance,Other,57,04/07/2021,24/08/2022,Health Issues,Exited
1346,Maria Mangubat,Customer Support,Female,35,23/03/2018,,,Active
1546,Cristina Soriano Cruz,IT,Other,49,15/06/2022,22/11/2022,Contract End,Exited
1251,Ferdi Santos Delos Reyes,Customer Support,Male,44,05/09/2018,,,Active
1740,Ivan Mercado Bondoc,HR,Male,45,03/02/2019,,,Active
1646,Rodel Ocampo Go,Marketing,Other,38,15/10/2022,,,Active
1199,Ronaldo Domingo Lacson,Customer Support,Male,51,16/03/2021,,,Active
1413,Roy Lopez Solis,IT,Male,45,01/09/2019,,,Active
1486,Oliver Crisostomo,IT,Male,31,22/12/2018,,,Active
1431,Rowena Tan,Customer Support,Other,27,28/11/2024,,,Active
1898,Vanessa Vergara,Finance,Female,40,28/02/2021,,,Active
1991,Estrella Ramos Delos Reyes,HR,Female,23,29/10/2023,,,Active
1961,Cristina Garcia Viray,Sales,Other,41,08/08/2025,,,Active
1291,Jessa Torres Hilario,Marketing,Female,50,05/05/2024,,,Active
1823,Jamie Delos Reyes,IT,Other,48,09/09/2018,,,Active
1017,Bernardo Lopez Delos Reyes,Customer Support,Male,25,22/12/2023,,,Active
1159,Josephine Pascual,HR,Other,29,12/09/2024,26/05/2025,Better Opportunity,Exited
1244,Cristina Mercado Lazo,Customer Support,Other,28,16/05/2023,,,Active
1067,Ronaldo Lacson,Customer Support,Male,21,17/09/2022,,,Active
1697,Ian Mercado,Customer Support,Male,31,26/12/2023,19/04/2024,Termination,Exited
1934,Yvonne Bayani,Customer Support,Female,23,04/11/2023,,,Active
1360,Ramon Pascual Santiago,Customer Support,Male,48,25/12/2018,12/08/2024,Better Opportunity,Exited
1096,Ivy Chan Domingo,IT,Female,58,03/07/2024,,,Active
1632,Manuel Dela Torre,IT,Other,39,30/03/2021,21/05/2025,Contract End,Exited
1505,Severino Torres Manalang,Marketing,Male,49,02/10/2021,07/01/2024,Health Issues,Exited
1473,Ernesto Chan Quiambao,Customer Support,Male,27,09/03/2018,01/02/2024,Personal Reasons,Exited
1707,Diana Mercado Camacho,Customer Support,Female,51,24/05/2019,,,Active
1578,Wilfredo Pascual Suarez,Marketing,Male,24,17/02/2020,02/11/2024,Resignation,Exited
1753,Teresita Sy Yap,HR,Female,36,21/07/2022,22/08/2023,Better Opportunity,Exited
1522,Ana Santos Lim,Finance,Female,27,01/03/2021,02/06/2025,Termination,Exited
1955,Eduardo Santos Fernandez,Marketing,Male,27,08/02/2018,07/06/2018,Relocation,Exited
1321,Juan Garcia,Sales,Male,28,24/07/2020,,,Active
1531,Sam Ramos Hernandez,Finance,Other,43,02/12/2022,,,Active
1409,Elena Lozano,Finance,Other,27,01/09/2022,,,Active
1975,Francis Domingo,HR,Male,34,21/07/2023,07/11/2024,Better Opportunity,Exited
1666,Antonio Ang Perez,Marketing,Male,47,06/09/2020,,,Active
1362,Warren Go Garcia,IT,Male,45,28/01/2020,06/08/2024,Termination,Exited
1433,Cherry Tan,Finance,Female,37,11/04/2020,,,Active
1432,Rachel Navarro Salazar,Marketing,Female,39,09/10/2025,,,Active
1485,Josephine Pascual,Customer Support,Other,53,14/10/2023,,,Active
1152,Pilar Domingo,IT,Other,33,09/08/2021,,,Active
1328,Mae Bondoc,Finance,Female,38,17/01/2019,20/11/2021,Resignation,Exited
1257,Celine Cruz Guerrero,Finance,Female,57,02/05/2023,30/12/2023,Personal Reasons,Exited
1312,Avery Salazar,Customer Support,Other,21,19/01/2022,,,Active
2006,Harold Uy,IT,Male,21,07/10/2022,,,Active
1305,Aileen Ocampo Hernandez,Customer Support,Female,49,08/02/2018,16/03/2022,Resignation,Exited
1785,Juan Aguilar Del Rosario,Sales,Other,28,02/12/2021,04/10/2023,Better Opportunity,Exited
1843,Mae Diaz,Marketing,Female,56,15/12/2018,17/10/2019,Contract End,Exited
1414,Vicente Rivera Mendoza,Marketing,Male,60,09/11/2019,12/08/2025,Retirement,Exited
1134,Kevin Gonzales,Customer Support,Male,27,05/12/2021,,,Active
1032,Ronaldo Mendoza Ramirez,Sales,Male,56,11/05/2021,,,Active
1766,Teodoro Lim Bagtas,Finance,Male,48,16/02/2019,,,Active
1783,Elena Go Chan,HR,Other,24,13/02/2020,10/12/2022,Better Opportunity,Exited
1459,Xander Rivera,Sales,Male,58,29/06/2024,,,Active
1162,Bong Ramirez,HR,Male,47,26/10/2019,,,Active
1340,Rafael Vega,Sales,Male,26,19/02/2021,,,Active
1287,Ismael Viray,Marketing,Male,29,12/06/2024,,,Active
1249,Gloria Bautista Viray,Marketing,Other,52,03/03/2023,22/05/2025,Better Opportunity,Exited
1143,Aileen Lim Macapagal,HR,Female,23,22/11/2022,29/07/2023,Resignation,Exited
1950,Beatriz Tan Del Rosario,IT,Female,47,31/12/2018,08/02/2023,Resignation,Exited
1580,Rodel Go Natividad,Customer Support,Other,55,09/07/2019,,,Active
1140,Christian Bautista Garcia,Customer Support,Male,43,27/10/2022,23/05/2026,Health Issues,Exited
1854,Arnel Manalang,Customer Support,Other,51,24/01/2021,,,Active
1849,Kath Salazar,Customer Support,Female,58,26/08/2020,,,Active
1683,Nina Santiago Mendoza,Sales,Male,42,13/08/2018,,,Active
1002,Paz Aguilar Camacho,Customer Support,Female,53,01/10/2024,21/07/2025,Personal Reasons,Exited
1737,Josephine Lozano,Sales,Female,48,05/07/2019,12/02/2024,Health Issues,Exited
1208,Lorenzo Chan Bondoc,Customer Support,Male,47,13/09/2019,,,Active
2059,Avery Vega Gonzales,Customer Support,Other,22,24/01/2022,,,Active
1630,Willy Yap,Marketing,Male,25,02/09/2025,,,Active
1098,Leonard Salazar,Customer Support,Male,47,28/06/2018,15/01/2024,Personal Reasons,Exited
1901,Sue Ramos Bautista,IT,Female,47,08/05/2020,,,Active
1732,Corazon Bautista Bautista,HR,Female,37,28/06/2023,,,Active
1535,Ian Pascual Hilario,HR,Male,45,17/02/2020,,,Active
1265,Rowena Obispo,IT,Female,41,27/04/2022,19/11/2024,Termination,Exited
1275,Ivan Pascual,Sales,Male,26,24/03/2019,,,Active
1767,Riley Bayani,Marketing,Female,41,31/01/2023,,,Active
1071,Ana Mercado Viray,IT,Other,38,26/03/2024,05/01/2025,Better Opportunity,Exited
1641,Violeta Go Corpuz,HR,Female,38,29/12/2020,,,Active
1445,Rowena Ramirez Villanueva,Customer Support,Other,23,25/12/2018,23/03/2021,Resignation,Exited
1040,Neil Mangubat,IT,Male,46,15/08/2025,,,Active
1099,Bernardo Bagtas,Sales,Male,30,22/07/2023,,,Active
2048,Ulysses Reyes Valencia,IT,Male,36,17/08/2018,,,Active
1022,Fe Mendoza Dela Torre,Customer Support,Female,48,22/12/2021,,,Active
1706,Nicanor Bautista,IT,Male,40,25/07/2024,18/05/2026,Personal Reasons,Exited
1518,Timothy Rivera Tolentino,Sales,Male,21,24/02/2024,19/07/2025,Resignation,Exited
1355,Ian Rivera Panganiban,Customer Support,Male,47,13/11/2019,,,Active
1298,Maricel Aguilar Vergara,Marketing,Female,47,17/03/2022,,,Active
1840,Carmen Natividad,Finance,Other,51,16/10/2024,04/06/2025,Health Issues,Exited
1925,Cristina Castro Dalisay,Sales,Female,31,30/06/2018,,,Active
1123,Queenie Mangubat,IT,Female,57,20/04/2020,14/11/2022,Relocation,Exited
1418,Cristina Tuazon,Sales,Other,42,13/04/2024,,,Active
1967,Francis Tan,Finance,Male,52,06/01/2019,,,Active
1158,Carlos Cruz Fernandez,IT,Other,42,15/06/2023,31/01/2024,Better Opportunity,Exited
1190,Danilo Bagtas,IT,Male,56,29/01/2021,09/01/2023,Relocation,Exited
1590,Jordan Torres Chua,IT,Other,25,17/10/2022,,,Active
1761,Ronaldo Cruz Yap,HR,Other,30,26/01/2022,,,Active
1243,Joy Sia,Customer Support,Female,23,26/10/2018,30/06/2021,Termination,Exited
1885,Kevin Ignacio,Sales,Male,34,03/06/2021,,,Active
1621,Manuel Lacson,Customer Support,Other,41,12/05/2021,,,Active
1651,Carlos Rivera Guerrero,Marketing,Male,52,13/05/2023,,,Active
1504,Pilar Rivera,Sales,Female,56,14/05/2024,21/11/2024,Personal Reasons,Exited
1923,Miguel Reyes Dela Cruz,HR,Other,36,15/03/2022,,,Active
1160,Warren Soriano Lim,Customer Support,Male,36,25/12/2022,,,Active
1883,Karen Castro Hilario,Customer Support,Female,55,09/03/2021,25/05/2026,Retirement,Exited
1538,Manuel Reyes,HR,Male,58,14/11/2020,10/05/2022,Relocation,Exited
1241,Rafael Rivera Jacinto,Customer Support,Male,24,22/04/2024,,,Active
1014,Jacqueline Bagtas,IT,Female,31,02/02/2023,23/10/2024,Contract End,Exited
1476,Samuel Ramirez Ramirez,HR,Male,51,11/04/2022,05/06/2026,Health Issues,Exited
2078,Casey Navarro Zamora,Marketing,Other,30,21/06/2021,,,Active
1929,Arnel Figueroa,Sales,Other,57,04/12/2019,26/03/2021,Relocation,Exited
1796,Mark Sy Ramos,HR,Male,30,22/07/2023,,,Active
1356,Nicanor Cruz Aguilar,Customer Support,Male,57,20/04/2025,,,Active
1335,Renato Ramos Fernandez,Customer Support,Male,49,27/03/2024,,,Active
1689,Ramon Delmendo,IT,Other,27,06/11/2019,02/10/2021,Health Issues,Exited
1185,Jacqueline Torres Evangelista,Marketing,Female,40,08/10/2019,,,Active
1824,Pete Sia,Customer Support,Male,54,26/04/2021,,,Active
2062,Gloria Lim Reyes,HR,Female,31,04/05/2018,02/03/2020,Better Opportunity,Exited
2002,Ivan Aguilar Suarez,HR,Male,50,20/01/2020,,,Active
1188,Ismael Bautista Flores,HR,Male,54,12/11/2021,15/03/2025,Relocation,Exited
1942,Jaime Santiago Santos,IT,Male,51,22/10/2018,25/04/2024,Better Opportunity,Exited
1285,Hernando Figueroa,IT,Male,46,01/08/2024,25/10/2025,Resignation,Exited
1900,Fe Buenaventura,Customer Support,Female,58,13/03/2024,,,Active
1166,Juan Flores Ramos,Finance,Male,29,29/11/2025,,,Active
1348,Maria Soriano Ong,Sales,Other,44,25/11/2025,,,Active
1299,Casey Dela Torre,HR,Other,50,23/06/2023,23/09/2023,Resignation,Exited
1536,Carlos Garcia,IT,Male,28,30/01/2019,,,Active
1230,Fernando Aquino,HR,Male,23,02/10/2022,10/05/2023,Health Issues,Exited
1042,Morgan Salazar,IT,Other,48,19/10/2024,,,Active
1869,Ramon Reyes Umali,Customer Support,Male,25,08/01/2025,,,Active
1749,Larry Flores Navarro,Marketing,Male,56,10/01/2020,,,Active
2029,Maribel Fajardo,Finance,Female,55,10/12/2024,16/03/2026,Termination,Exited
1447,Jimmy Soriano Lopez,Marketing,Male,25,26/07/2024,06/01/2025,Termination,Exited
1350,Jose Pascual Panganiban,Marketing,Other,43,03/07/2020,,,Active
1046,Alex Sy Sia,HR,Other,57,17/05/2021,,,Active
1888,Celine Flores,IT,Female,36,07/08/2018,,,Active
1807,Xander Obispo,HR,Male,56,06/04/2021,01/10/2023,Health Issues,Exited
1109,Nathan Bautista Ang,Marketing,Male,39,31/03/2018,,,Active
1030,Bernardo Manalang,Customer Support,Male,57,14/02/2019,04/10/2021,Health Issues,Exited
1182,Jessa Torres Delmendo,IT,Female,28,17/04/2018,,,Active
1622,Pilar Vergara,Finance,Other,58,03/02/2018,,,Active
1635,Patricia Mercado Soriano,IT,Female,28,09/10/2024,10/06/2025,Relocation,Exited
1105,Nena Gonzales Bondoc,Finance,Female,24,16/04/2021,14/12/2023,Better Opportunity,Exited
1061,Elena Cruz,IT,Other,47,30/10/2020,,,Active
1659,Belinda Bautista Reyes,Marketing,Female,23,21/09/2020,,,Active
1491,Teodoro Ramirez Aquino,IT,Male,58,23/04/2018,,,Active
1316,Eduardo Sy Torres,Marketing,Other,25,24/06/2021,,,Active
1382,Nathan Santiago Narvasa,Sales,Male,34,27/03/2023,26/05/2026,Resignation,Exited
1423,Arnel Camacho,Finance,Other,32,10/06/2019,18/04/2023,Health Issues,Exited
2057,Isabel Ramirez Fajardo,IT,Other,36,19/04/2022,,,Active
1446,Dennis Torres Cruz,Finance,Male,49,25/01/2025,,,Active
1664,Sam Santos Viray,IT,Other,23,01/07/2019,17/12/2023,Personal Reasons,Exited
2025,Lourdes Ang Lacson,Customer Support,Female,41,18/05/2020,07/10/2023,Resignation,Exited
1780,Gerald Navarro Suarez,Marketing,Male,37,27/11/2019,,,Active
1627,Juan Mercado Macapagal,IT,Male,49,25/04/2022,08/08/2023,Termination,Exited
1269,Cristina Castro Ramirez,IT,Other,49,03/10/2021,,,Active
1930,Hope Diaz Enriquez,HR,Female,32,15/02/2025,,,Active
1012,Teresa Go Salazar,Sales,Female,31,19/08/2025,,,Active
1115,Gloria Domingo Castro,Finance,Other,56,07/02/2022,24/07/2024,Better Opportunity,Exited
1844,Celine Uy Santiago,Marketing,Female,55,07/01/2020,,,Active
1353,Casey Lazo,Customer Support,Other,31,18/02/2025,,,Active
2076,Bea Garcia,HR,Female,39,15/01/2022,,,Active
1774,Rachel Flores Flores,HR,Female,38,25/03/2021,,,Active
1691,Mae Diaz Bayani,Customer Support,Female,22,09/08/2020,,,Active
1791,Hernando Sy,HR,Male,45,15/01/2019,,,Active
1532,Kristina Go Guerrero,IT,Female,49,08/04/2024,20/11/2025,Better Opportunity,Exited
1868,Samuel Villanueva,Customer Support,Male,22,13/07/2020,,,Active
1170,Jimmy Chan Hilario,Marketing,Male,54,07/02/2024,,,Active
1240,Pacita Sia,IT,Female,32,13/01/2024,,,Active
1074,Leonora Rivera,HR,Female,55,02/08/2020,28/12/2022,Retirement,Exited
1994,Feliciano Domingo Vergara,Customer Support,Male,25,02/03/2024,25/06/2025,Relocation,Exited
1762,Patricio Soriano Go,Sales,Male,24,30/09/2025,,,Active
1741,Carlos Lopez Yap,IT,Male,58,14/12/2018,,,Active
1751,Cameron Del Rosario,Finance,Other,24,10/11/2023,26/05/2025,Better Opportunity,Exited
1742,Sonny Cueto,Customer Support,Male,50,18/05/2025,,,Active
1831,Eduardo Castro Lopez,IT,Other,57,17/07/2025,19/01/2026,Health Issues,Exited
1048,Rosalinda Castro Figueroa,HR,Female,42,18/01/2019,,,Active
1763,Luisa Tan Salazar,Marketing,Other,28,31/12/2023,,,Active
1592,Rodel Vega Chan,Marketing,Other,39,16/10/2022,,,Active
1808,Teresa Navarro Cruz,HR,Other,52,07/08/2020,,,Active
1704,Carlos Ong,HR,Male,60,15/09/2024,14/07/2025,Retirement,Exited
1506,Neil Soriano,IT,Male,33,20/06/2024,,,Active
2045,Elena Garcia Flores,Customer Support,Female,45,26/03/2018,18/08/2018,Personal Reasons,Exited
1653,Gerald Ramos,IT,Male,26,05/02/2022,,,Active
1193,Manuel Tan Umali,Customer Support,Other,55,01/04/2021,,,Active
1245,Efren Ang Yap,Marketing,Other,45,25/03/2023,,,Active
1060,Elmer Buenaventura,Customer Support,Male,64,15/01/2020,14/07/2024,Retirement,Exited
1177,Samuel Pascual,Customer Support,Male,40,01/01/2023,,,Active
1450,Rowena Santos Mercado,Finance,Other,44,15/02/2018,,,Active
1056,Ivan Sia,Sales,Male,58,19/10/2025,24/04/2026,Termination,Exited
1920,Florinda Flores Manalo,Customer Support,Female,46,21/11/2019,04/04/2020,Relocation,Exited
1604,Efren Delmendo,HR,Male,41,10/08/2019,,,Active
2060,Rowena Ramirez Camacho,IT,Other,29,22/04/2021,,,Active
1642,Jose Santos Macaraeg,HR,Other,58,09/03/2020,,,Active
